client_id,loan_type,loan_amount,repaid,loan_id,loan_start,loan_end,rate
2697,other,10617,0,11223,2013-08-02,2015-02-24,11.04
2697,other,6764,1,10376,2009-11-15,2012-07-05,1.46
2697,other,3238,1,10325,2011-09-18,2013-02-27,4.65
2697,home,13557,0,10407,2013-12-03,2015-05-25,1.56
2697,home,7886,0,10032,2007-07-17,2010-03-22,2.85
2697,cash,7629,0,11123,2002-07-19,2004-09-27,3.03
2697,other,13344,1,10715,2002-11-23,2004-06-06,2.35
2697,credit,8771,1,11327,2013-01-21,2014-06-20,3.3
2697,other,9095,0,10385,2012-10-14,2014-03-27,4.47
2697,home,8246,0,11013,2005-07-21,2008-01-07,3.73
2697,home,1422,1,10372,2000-09-27,2002-10-08,0.12
2697,home,7335,0,10754,2001-04-24,2002-10-21,3.75
2697,other,6566,0,10418,2009-11-12,2012-02-01,8.36
2697,home,1400,1,11543,2012-06-06,2014-05-07,0.26
2697,credit,3017,1,11065,2012-05-01,2013-11-03,4.89
2697,credit,2722,0,10494,2003-02-25,2004-08-01,4.47
2697,cash,2950,1,10802,2013-01-27,2015-06-22,1.06
2697,home,9584,1,10647,2001-07-06,2004-01-16,3.66
2697,home,14927,0,11301,2001-05-19,2003-03-07,4.92
2697,credit,1262,0,10035,2014-07-04,2016-03-03,1.5
4647,home,13686,0,11530,2005-09-21,2007-10-21,1.17
4647,credit,12066,0,10255,2002-10-25,2004-08-29,3.62
4647,other,6180,0,11208,2009-09-17,2011-12-26,4.39
4647,cash,807,0,11086,2001-07-23,2004-01-10,4.91
4647,credit,7204,0,10458,2001-12-27,2004-05-16,2.47
4647,cash,3624,0,10007,2004-11-07,2007-01-16,0.13
4647,cash,12359,0,11561,2004-03-07,2006-08-17,0.78
4647,cash,7326,0,11746,2010-10-09,2012-07-26,2.45
4647,credit,10101,1,11076,2002-02-24,2004-07-15,1.12
4647,home,6765,0,10363,2013-04-06,2015-05-05,2.18
4647,cash,3062,1,11140,2003-11-13,2006-02-22,1.4
4647,credit,11223,1,11066,2007-07-11,2009-03-16,0.94
4647,home,2849,0,10633,2012-10-19,2014-05-14,2.03
4647,other,9717,1,10718,2010-05-26,2011-11-24,3.31
4647,other,5765,0,11738,2010-09-19,2012-02-25,5.12
4647,credit,13708,0,10832,2003-12-22,2005-05-25,6.44
4647,cash,10767,1,11712,2010-08-17,2013-02-25,4.39
4647,other,1230,1,10373,2003-05-03,2005-07-30,0.42
4647,credit,3310,0,11267,2008-03-11,2009-10-08,1.61
4647,other,5745,0,11036,2000-10-14,2002-07-22,5.39
3230,credit,12404,1,10117,2011-12-15,2013-08-08,2.41
3230,home,14406,0,10751,2009-06-25,2011-07-24,0.51
3230,cash,11536,0,10585,2005-10-06,2008-03-20,5.91
3230,credit,1282,1,10808,2003-04-13,2004-11-23,3.85
3230,cash,9814,1,11190,2002-03-08,2004-10-17,0.48
3230,cash,13177,1,10752,2004-07-11,2006-03-11,9.93
3230,other,10087,0,10887,2000-08-22,2002-12-21,4.35
3230,credit,4472,1,11275,2003-12-22,2006-07-09,6.49
3230,cash,4375,1,11270,2002-01-06,2004-01-14,3.4
3230,credit,2510,0,11682,2012-09-24,2014-10-03,6.11
3230,cash,10689,0,11491,2014-08-12,2017-04-28,0.3
3230,home,13503,1,10863,2011-12-21,2014-04-06,0.16
3230,other,705,1,11060,2013-04-15,2015-12-22,6.85
3230,credit,1795,1,10739,2014-04-08,2016-02-28,2.75
3230,cash,3249,0,10428,2001-12-07,2003-07-04,2.49
3230,credit,9387,0,10395,2013-10-19,2016-07-07,2.55
3230,credit,4642,0,11387,2002-05-04,2004-08-23,1.81
3214,cash,4437,0,10675,2013-04-18,2015-07-28,0.68
3214,home,1459,1,10181,2010-08-15,2012-12-04,0.76
3214,credit,6109,1,11741,2009-07-08,2011-11-11,2.98
3214,cash,7208,1,11911,2010-04-19,2011-09-02,6.08
3214,credit,3009,1,11325,2014-11-13,2016-07-02,1.45
3214,cash,13298,0,10621,2000-07-26,2002-06-04,5.83
3214,home,1042,1,10175,2006-12-23,2008-05-08,1.11
3214,cash,12680,0,11507,2013-01-09,2014-10-05,4.4
3214,cash,7948,0,10204,2014-12-21,2017-07-31,1.37
3214,home,5521,1,10070,2014-07-19,2016-07-08,8.57
3214,home,8406,0,11895,2006-08-12,2009-02-10,0.48
3214,cash,6601,1,11041,2008-09-17,2010-09-08,3.33
3214,credit,8973,1,11771,2012-04-14,2014-03-15,2.48
3214,cash,5429,1,11257,2011-11-14,2013-10-26,0.78
3214,cash,10398,0,10420,2008-05-20,2010-05-25,10.87
3214,other,1430,0,10160,2001-11-16,2003-05-08,4.71
3214,home,852,1,10537,2012-08-20,2014-03-24,1.83
3214,cash,8005,0,11540,2012-01-20,2014-01-23,2.03
3214,other,2660,0,11200,2013-04-12,2015-01-27,4.35
2265,credit,5408,0,10994,2008-03-06,2010-06-20,4.74
2265,credit,3870,0,10108,2013-10-09,2016-01-14,0.69
2265,other,4992,0,11081,2003-10-12,2006-01-27,2.83
2265,cash,12071,1,11117,2010-07-07,2012-04-29,7.06
2265,credit,13963,0,11782,2001-09-11,2004-05-02,1.14
2265,other,8015,0,10393,2014-03-12,2016-06-02,1.29
2265,cash,8787,0,11351,2008-03-20,2009-12-06,3.55
2265,credit,14694,0,10770,2010-04-02,2012-02-29,6.03
2265,credit,587,1,10552,2001-03-03,2002-11-22,1.69
2265,cash,10983,1,10841,2007-02-06,2009-10-25,0.26
2265,other,4713,1,10782,2003-09-18,2005-09-27,1.44
2265,credit,2857,1,11311,2014-05-15,2017-02-07,1.94
2265,home,9089,1,11278,2011-04-05,2013-08-28,5.42
2265,other,1615,0,11754,2001-04-16,2003-11-09,3.23
2265,other,8129,0,10690,2004-10-02,2006-05-03,0.34
2265,cash,4894,0,11533,2004-08-22,2006-06-07,3.52
2265,other,6646,0,11897,2014-09-27,2016-05-06,3.98
2265,credit,14804,1,10080,2014-08-22,2016-12-07,5.38
2483,other,1526,0,11147,2000-07-14,2003-01-18,1.99
2483,cash,1477,0,10421,2003-09-02,2005-04-14,0.33
2483,home,1528,1,10312,2014-09-17,2017-06-03,4.02
2483,home,9985,1,11905,2008-09-19,2010-05-08,0.4
2483,credit,2880,1,11442,2000-11-05,2003-02-19,0.65
2483,cash,1229,0,10743,2009-09-21,2012-05-17,2.41
2483,other,13875,0,11548,2005-05-17,2007-11-24,2.74
2483,home,5023,1,11970,2012-09-07,2014-11-14,0.72
2483,other,2720,0,10513,2009-06-23,2011-12-20,0.76
2483,cash,5435,1,11318,2014-06-06,2016-10-27,5.86
2483,cash,10979,0,11292,2008-01-26,2009-06-29,2.68
2483,cash,5307,1,11616,2013-06-26,2015-12-26,4.64
2483,home,9858,0,11986,2008-02-02,2009-09-07,1.55
2483,cash,8733,1,10996,2001-04-08,2003-12-13,2.75
2483,home,1965,1,10104,2012-11-10,2015-06-26,0.22
2483,credit,6653,0,11534,2011-04-27,2013-12-04,7.28
2483,cash,9048,1,10685,2007-02-23,2008-11-19,6.22
2483,cash,13155,0,11459,2004-08-13,2007-03-23,3.71
2483,credit,934,0,11776,2009-07-24,2011-07-19,2.9
3092,credit,5268,0,10589,2000-09-16,2002-02-08,0.68
3092,home,726,0,11816,2012-08-15,2014-04-02,0.88
3092,other,10994,0,11299,2004-05-11,2005-12-14,5.26
3092,home,14527,0,11554,2001-11-08,2004-02-03,3.08
3092,other,4626,0,11489,2001-11-02,2004-05-23,0.6
3092,credit,10068,1,10242,2002-06-21,2005-02-08,9.44
3092,home,4071,1,11528,2006-03-07,2008-02-29,8.59
3092,home,5982,1,11295,2009-01-11,2010-07-01,0.3
3092,cash,11117,1,11942,2000-09-04,2003-03-19,0.13
3092,cash,7476,0,11874,2009-12-26,2011-11-21,2.83
3092,credit,2918,0,11943,2002-08-18,2005-04-29,1.75
3092,home,14769,1,11375,2011-11-20,2013-06-07,1.55
3092,other,6528,0,10897,2003-03-20,2005-05-28,2.45
3092,home,3685,0,10240,2008-11-06,2011-03-07,8.81
3092,home,2861,1,11227,2008-09-11,2011-01-15,5.97
3092,cash,5097,0,10868,2005-11-27,2008-03-23,0.95
3092,other,14555,1,11143,2007-08-23,2009-04-20,6.04
3092,cash,11109,1,10665,2004-12-24,2007-03-08,3.36
3092,cash,5856,0,10138,2006-11-17,2008-08-29,4.65
3441,other,5455,1,10811,2000-08-12,2002-06-30,3.02
3441,other,1074,0,11647,2010-05-10,2012-01-19,2.44
3441,other,1461,0,10672,2011-11-25,2013-05-15,3.69
3441,cash,11326,1,10085,2005-12-13,2007-12-26,3.07
3441,cash,10437,0,10280,2003-05-26,2004-10-27,7.11
3441,other,10655,1,11865,2001-06-06,2003-11-24,7.4
3441,credit,6243,0,11565,2013-12-20,2015-06-18,2.79
3441,cash,6982,1,10408,2007-02-22,2008-12-18,0.31
3441,cash,9856,0,11360,2008-01-18,2009-07-25,3.3
3441,other,9267,0,10270,2002-04-23,2004-05-28,5.23
3441,other,630,1,10303,2007-09-18,2009-10-27,0.57
3441,cash,13421,0,10795,2013-02-24,2015-07-20,0.36
3441,cash,12079,0,11237,2004-06-27,2007-03-04,1.75
3441,home,13474,0,10317,2001-03-02,2003-07-07,4.63
3441,other,5187,1,11796,2014-10-22,2016-09-10,2.33
3441,home,6638,1,11963,2008-04-12,2009-10-29,3.85
3441,cash,13985,1,11145,2006-12-11,2009-07-24,0.6
3441,cash,6788,1,10337,2009-04-10,2011-10-30,3.31
3441,credit,10305,1,11388,2014-01-05,2016-08-16,1.08
3441,cash,6320,0,11279,2009-11-20,2012-01-11,2.46
2489,other,14306,0,10387,2013-03-21,2015-09-15,0.63
2489,other,5387,1,11146,2006-07-18,2008-08-24,5.59
2489,other,7747,0,11415,2003-04-12,2004-12-20,2.92
2489,other,13093,1,11261,2006-02-18,2008-10-06,3.03
2489,credit,4931,0,10758,2000-08-26,2002-05-14,1.04
2489,home,9477,1,11774,2000-02-01,2002-02-24,1.82
2489,home,3267,0,11031,2001-11-08,2003-06-21,1.12
2489,cash,6538,0,10554,2011-06-14,2013-10-17,4.98
2489,credit,9827,1,10958,2012-09-26,2014-04-08,0.37
2489,credit,3552,1,10668,2008-12-08,2010-10-02,0.8
2489,credit,1231,1,11722,2006-08-22,2009-04-06,4.04
2489,home,8445,0,11349,2001-08-06,2004-04-20,1.63
2489,other,11298,0,11815,2012-12-12,2014-06-03,2.86
2489,home,10740,1,10236,2008-03-12,2009-10-19,1.42
2489,other,9519,0,10342,2008-10-19,2010-06-30,3.25
2489,cash,8329,1,10933,2010-12-08,2012-06-18,1.52
2489,home,3893,1,11406,2002-03-01,2003-08-26,0.58
2909,credit,10947,1,11845,2000-09-20,2002-07-29,1.41
2909,home,3783,1,11421,2000-08-23,2002-01-25,0.89
2909,home,5763,0,11004,2008-01-12,2009-12-06,1.75
2909,other,9787,1,10804,2014-06-09,2016-01-08,0.06
2909,other,9461,1,11045,2005-05-21,2007-12-18,0.76
2909,home,14574,0,11871,2003-05-13,2005-03-02,6.29
2909,credit,1428,0,11033,2002-06-16,2004-02-29,7.93
2909,cash,10031,1,10787,2012-06-21,2014-06-12,4.76
2909,home,6065,0,11229,2004-09-22,2006-05-30,4.78
2909,other,12182,1,10210,2011-07-03,2014-03-02,0.79
2909,cash,13155,1,10800,2000-05-15,2002-06-03,6.8
2909,other,5498,0,11971,2007-11-15,2009-04-15,3.16
2909,credit,1943,1,11860,2007-01-27,2009-02-27,2.14
2909,cash,2075,1,10673,2009-12-17,2012-08-28,3.38
2909,credit,5089,0,10105,2000-09-25,2002-11-01,1.83
2909,home,10694,0,10490,2001-09-07,2004-05-03,3.24
2909,home,7366,1,10023,2001-10-04,2003-11-21,6.28
2909,credit,11075,1,10001,2010-01-27,2011-10-14,1.28
3426,other,2986,1,10259,2001-09-17,2003-09-05,5.13
3426,other,14789,0,11260,2012-07-14,2013-12-27,2.94
3426,other,14419,0,10230,2005-11-05,2007-11-19,3.07
3426,credit,12272,1,10966,2005-09-06,2007-07-25,1.81
3426,cash,2175,0,11452,2009-06-09,2011-04-05,3.61
3426,credit,13109,0,10118,2002-01-05,2003-08-30,1.08
3426,home,4212,0,10975,2011-07-14,2012-12-13,6.1
3426,home,7076,0,10813,2014-07-09,2016-06-07,3.93
3426,home,4377,0,10200,2007-08-26,2010-01-15,3.59
3426,other,3962,0,10388,2004-09-11,2007-02-18,0.2
3426,other,12436,1,11302,2001-09-23,2003-03-11,2.79
3426,credit,9053,1,11338,2006-11-11,2008-07-21,1.6
3426,credit,2965,1,11583,2001-04-11,2003-11-12,2.65
3426,home,11914,0,10079,2003-08-08,2006-02-07,2.9
3426,credit,7265,0,11562,2012-11-27,2014-12-03,1.0
3426,credit,8635,0,11258,2002-03-09,2004-09-02,6.45
3426,cash,7414,0,10979,2002-08-20,2004-04-21,0.05
3426,home,10911,1,11434,2013-03-05,2015-09-17,3.76
4074,home,8201,1,11427,2006-11-07,2008-08-05,2.01
4074,other,9792,1,10327,2008-05-27,2010-11-20,3.24
4074,home,1112,0,11526,2001-04-09,2003-11-29,1.4
4074,home,12552,1,10865,2006-04-21,2008-11-13,4.38
4074,credit,13319,1,10873,2014-07-16,2016-05-27,9.17
4074,credit,1808,0,10859,2001-02-18,2002-07-14,3.84
4074,home,13686,1,11413,2003-06-06,2005-06-06,2.23
4074,credit,10691,0,11018,2010-08-06,2012-10-04,3.82
4074,home,2756,0,10518,2014-09-02,2016-05-16,8.52
4074,home,11845,0,11661,2007-06-17,2009-03-13,11.7
4074,home,11008,1,10534,2005-05-05,2007-10-06,4.48
4074,other,1809,1,10474,2002-03-20,2004-05-15,1.47
4074,credit,3099,1,10637,2006-03-25,2008-02-25,0.11
4074,other,3420,0,10805,2012-03-08,2013-08-01,2.9
4074,other,6129,1,10103,2004-01-16,2005-12-26,3.84
4074,other,7483,0,10875,2014-10-10,2016-04-10,4.16
4478,other,2466,1,11129,2010-07-05,2012-03-02,8.87
4478,other,13394,1,10963,2001-12-05,2003-11-09,2.1
4478,other,3552,1,11183,2011-12-04,2014-08-26,0.31
4478,credit,1071,1,10699,2004-08-11,2006-11-28,8.04
4478,home,12886,1,10949,2000-11-22,2003-08-12,1.62
4478,credit,1362,1,10029,2010-01-05,2011-09-02,0.43
4478,home,1911,1,10620,2000-05-24,2002-08-17,2.33
4478,credit,7253,1,11630,2009-04-15,2011-09-16,1.46
4478,home,11740,1,10734,2014-08-27,2016-09-01,0.79
4478,cash,5527,1,11894,2002-01-23,2003-09-25,3.61
4478,cash,712,0,10188,2000-04-23,2002-10-06,0.37
4478,cash,8925,1,11777,2001-03-19,2003-01-02,4.38
4478,cash,6892,1,11525,2003-04-03,2005-09-23,3.42
4478,other,7659,0,11736,2005-05-13,2007-03-09,0.07
2533,credit,13662,1,10749,2006-10-24,2008-09-20,2.07
2533,cash,14033,0,10289,2007-12-17,2009-05-29,4.07
2533,credit,11470,1,10090,2008-12-12,2010-09-27,1.55
2533,other,4667,0,11483,2001-08-12,2004-03-27,1.43
2533,home,9726,1,10678,2014-09-08,2017-05-31,6.14
2533,other,3055,1,10976,2008-02-23,2010-07-22,8.21
2533,cash,1969,0,11126,2003-01-26,2005-02-03,1.05
2533,other,8225,0,10962,2003-02-20,2005-03-05,8.15
2533,other,4334,0,10205,2013-11-03,2015-07-15,2.16
2533,home,5843,1,11159,2012-02-08,2014-07-19,0.58
2533,other,11566,0,11704,2003-08-25,2005-03-18,0.02
2533,cash,12899,1,11390,2014-10-06,2017-04-30,1.94
2533,cash,11341,1,11095,2004-04-23,2005-10-27,1.64
2533,credit,12331,1,10639,2001-02-05,2003-10-13,0.51
2533,other,14997,0,10691,2006-04-16,2008-06-15,1.39
2533,credit,4064,0,11870,2003-08-17,2006-05-09,0.36
2533,home,1426,1,10624,2013-08-20,2015-12-12,2.48
2533,other,11078,0,10894,2004-10-09,2006-08-22,2.12
2533,cash,1325,0,10982,2009-05-03,2010-11-03,3.85
4829,home,11727,1,11107,2014-09-07,2016-11-02,7.1
4829,home,13229,1,11207,2014-02-21,2016-08-02,2.19
4829,cash,9457,1,10304,2004-12-05,2007-02-17,5.15
4829,other,13335,0,10211,2009-01-14,2010-07-01,4.42
4829,home,10739,1,11926,2000-02-22,2002-02-23,5.75
4829,other,12122,1,10789,2002-05-23,2005-02-02,2.13
4829,other,12005,1,10221,2003-06-11,2006-01-29,1.52
4829,other,6278,0,10985,2000-02-19,2002-02-01,0.58
4829,other,4831,0,10054,2001-12-23,2004-08-04,8.13
4829,credit,2815,1,10509,2014-06-22,2015-12-11,0.4
4829,cash,6585,0,11245,2002-11-12,2004-04-26,1.08
4829,cash,1627,0,11809,2011-08-06,2013-12-29,5.05
4829,credit,6803,1,11198,2005-05-10,2007-11-14,2.27
4829,home,4082,0,10346,2000-10-02,2003-06-26,8.63
4829,home,13943,1,10168,2005-12-24,2008-05-16,1.51
4829,cash,6856,0,10009,2002-06-21,2004-04-06,0.58
4829,home,703,1,10783,2012-10-25,2015-04-23,4.76
4829,other,11898,1,10069,2001-03-21,2002-12-05,6.09
4639,home,10377,1,10063,2005-05-02,2007-10-01,2.12
4639,other,14829,1,11142,2000-11-06,2002-04-06,0.65
4639,other,9520,1,11462,2002-11-21,2004-11-22,4.9
4639,other,2831,0,10075,2006-11-24,2009-01-04,1.31
4639,other,5192,1,10495,2010-07-14,2012-03-27,0.25
4639,other,4747,0,11939,2001-10-05,2003-03-07,0.69
4639,credit,10223,1,10881,2012-03-11,2013-12-13,7.99
4639,home,8811,0,10476,2001-03-10,2002-12-11,3.16
4639,home,6796,1,10244,2008-08-26,2010-08-03,0.13
4639,credit,6266,1,10815,2004-07-23,2006-01-13,2.83
4639,home,8753,1,10313,2007-04-17,2009-06-12,2.97
4639,cash,10685,0,10431,2008-08-08,2011-03-31,4.33
4639,other,8711,1,10084,2004-09-16,2007-01-22,1.96
4639,home,5248,1,11079,2005-07-23,2007-06-14,0.42
4639,credit,8423,1,11974,2001-10-23,2003-11-28,5.18
4639,cash,1672,0,11718,2014-06-09,2016-02-10,1.19
4694,cash,4135,1,11742,2002-04-27,2004-03-16,1.05
4694,other,8345,1,11948,2009-08-11,2012-01-26,1.71
4694,home,12605,0,10319,2013-12-02,2015-06-16,1.96
4694,cash,14953,1,11978,2010-03-12,2012-10-28,8.58
4694,home,13701,0,10652,2014-08-07,2016-01-26,2.5
4694,other,14668,0,10618,2005-04-11,2006-12-11,9.19
4694,credit,10918,0,11069,2001-11-02,2003-08-25,3.78
4694,other,12818,0,10429,2010-03-10,2012-03-01,4.12
4694,home,11954,0,10365,2004-09-20,2007-02-22,3.25
4694,other,4533,0,10505,2014-04-18,2016-04-10,4.23
4694,cash,13156,0,11153,2000-10-07,2002-11-28,0.29
4694,home,4233,1,11689,2001-09-03,2004-02-18,2.62
4694,credit,2606,0,11830,2003-12-21,2005-05-16,3.13
4694,other,2369,0,10257,2010-07-11,2012-04-09,1.1
4694,home,2623,1,10997,2001-02-21,2002-12-09,0.28
4694,other,9263,0,11965,2014-05-06,2016-07-14,1.39
4694,home,9894,1,10151,2005-05-13,2007-06-26,0.43
4694,credit,2592,0,10570,2005-10-17,2008-05-27,4.78
4694,cash,5943,0,10947,2006-02-14,2008-10-22,2.21
2052,credit,12244,0,10283,2011-07-07,2013-05-05,2.19
2052,cash,9892,1,11108,2004-09-16,2006-11-11,2.34
2052,other,12286,1,11416,2001-11-25,2003-08-05,4.58
2052,other,13495,0,11955,2013-06-02,2015-01-05,0.2
2052,home,3970,1,11755,2014-04-12,2016-03-21,8.46
2052,other,9715,1,11160,2001-05-21,2003-07-11,6.51
2052,home,4026,1,10608,2007-11-18,2010-06-23,3.44
2052,credit,9892,1,10026,2001-06-27,2003-07-27,1.26
2052,home,1199,1,11269,2002-07-08,2004-02-15,3.5
2052,other,2292,1,10243,2002-01-11,2003-10-20,1.33
2052,credit,14378,0,10924,2013-11-09,2015-07-07,7.98
2052,other,7211,0,11113,2011-04-20,2013-10-10,2.53
2052,home,11430,1,11920,2004-01-19,2005-12-05,2.77
2052,home,14276,1,11973,2010-02-03,2012-08-02,1.1
2052,cash,9411,0,10910,2014-07-18,2016-07-25,1.66
2052,credit,4702,1,10723,2002-05-14,2004-10-08,0.25
2052,credit,2004,1,10716,2003-06-19,2005-10-05,0.68
2052,other,8247,1,11733,2013-01-22,2015-04-18,0.52
3037,home,9643,0,11424,2012-11-23,2014-06-22,12.72
3037,cash,5711,1,10757,2000-07-18,2002-08-20,2.51
3037,home,9399,0,11734,2008-11-26,2011-01-23,3.16
3037,cash,11587,0,10362,2012-03-18,2014-08-06,3.12
3037,credit,7938,0,10442,2001-04-07,2002-10-20,4.87
3037,cash,3957,1,11615,2010-04-04,2012-06-22,2.42
3037,home,10795,0,11204,2003-09-10,2005-02-10,6.86
3037,home,779,0,10199,2007-01-07,2009-01-09,0.59
3037,credit,10772,0,11819,2010-01-04,2011-10-19,6.6
3037,other,7238,1,10245,2006-12-25,2008-06-11,8.51
3037,home,6918,1,11751,2012-05-21,2014-07-26,4.02
3037,other,10875,1,10544,2002-12-07,2004-06-02,2.37
3037,other,6771,0,11539,2010-06-24,2012-10-16,1.92
3037,home,13117,0,11580,2013-06-15,2015-01-19,2.23
3037,other,1716,1,11928,2013-04-15,2015-03-17,0.89
3037,cash,12526,1,11699,2005-02-20,2006-11-09,0.71
4135,cash,6963,1,10150,2010-02-01,2011-11-16,6.65
4135,credit,13819,1,10598,2014-10-22,2016-08-05,1.02
4135,home,6144,1,11669,2001-10-10,2003-03-07,5.6
4135,home,9362,0,10847,2000-10-24,2002-05-04,0.35
4135,other,3992,1,11373,2004-02-09,2006-05-11,3.37
4135,other,2056,0,10267,2007-02-18,2009-01-14,4.78
4135,other,2824,1,10273,2006-03-18,2008-09-02,4.23
4135,other,7055,1,11240,2005-01-21,2006-10-19,10.31
4135,cash,7894,1,11795,2004-01-23,2006-10-08,3.18
4135,home,13007,1,10581,2001-09-21,2003-02-25,1.31
4135,other,3220,1,11074,2011-10-27,2014-01-16,1.1
4135,cash,13262,0,11130,2006-09-20,2008-12-12,5.81
4135,cash,4557,1,11286,2001-07-09,2003-01-14,5.4
4135,other,3747,1,11760,2014-06-14,2016-03-05,3.63
4135,other,13206,1,10391,2013-11-08,2016-03-17,0.44
2160,credit,11224,0,10497,2010-09-27,2012-04-11,1.94
2160,other,8623,0,10345,2011-09-16,2013-05-25,4.97
2160,cash,13044,1,10862,2003-09-08,2006-04-03,0.22
2160,credit,13886,1,11290,2001-06-13,2003-08-06,6.69
2160,cash,10220,1,11643,2011-04-09,2012-11-24,2.14
2160,home,6024,1,10799,2001-03-21,2003-05-15,4.45
2160,credit,1582,1,10973,2003-05-17,2005-01-11,9.4
2160,home,2721,1,11221,2014-07-09,2016-09-10,0.91
2160,cash,6566,0,10097,2013-08-12,2015-02-01,11.2
2160,credit,10281,0,10233,2007-03-07,2008-07-24,2.55
2160,credit,10902,0,11708,2007-11-11,2009-05-13,4.95
2160,home,7460,1,10524,2004-05-19,2006-07-19,1.36
2160,home,2071,0,10771,2006-09-12,2009-04-13,2.09
2160,other,507,0,10262,2011-01-10,2013-06-21,0.41
2160,home,1450,1,10879,2002-03-11,2004-11-28,0.77
2160,home,13971,1,10646,2008-07-02,2011-02-19,5.59
2160,home,4778,0,10775,2006-08-18,2008-12-20,1.17
2160,home,12528,1,10158,2008-01-03,2010-06-02,2.7
4278,other,4049,1,11405,2014-09-03,2016-08-15,3.71
4278,cash,12962,0,10028,2003-09-17,2005-10-02,3.71
4278,cash,3031,1,10011,2011-09-11,2014-03-20,2.18
4278,home,13032,1,11753,2001-07-11,2003-01-12,2.05
4278,home,1728,0,10147,2004-07-07,2007-03-17,2.34
4278,other,6098,0,11071,2007-03-07,2009-03-30,5.14
4278,home,5551,1,11023,2004-12-17,2007-07-24,0.75
4278,other,689,0,11882,2014-06-02,2015-11-17,3.14
4278,cash,8292,0,11893,2002-02-21,2004-03-04,6.69
4278,other,5045,1,11687,2005-04-12,2006-11-01,1.8
4278,cash,12827,1,11524,2003-12-15,2005-10-22,10.02
4278,other,4843,0,11470,2013-08-07,2016-01-05,4.34
4278,credit,3300,1,10831,2012-12-09,2015-07-28,6.26
4278,cash,1969,0,10571,2002-08-09,2004-01-16,1.95
4278,home,13812,0,11222,2014-12-11,2016-12-29,4.65
4278,other,4186,0,11883,2002-08-05,2004-09-03,1.75
4817,other,6375,0,11192,2009-09-20,2011-11-10,4.3
4817,home,6862,1,10951,2009-02-10,2011-06-12,3.34
4817,credit,4346,1,10446,2009-12-24,2011-10-15,6.16
4817,home,13681,1,10089,2011-09-14,2013-06-30,1.76
4817,other,11435,0,11884,2006-01-17,2008-04-08,4.68
4817,home,2717,0,10767,2004-02-09,2006-03-31,6.63
4817,other,8972,0,10839,2013-02-04,2015-06-10,5.28
4817,other,6464,1,10676,2014-04-26,2016-01-20,1.19
4817,other,7609,1,11032,2008-12-15,2010-11-30,3.79
4817,other,13088,1,11166,2008-06-07,2010-06-14,3.54
4817,other,14260,0,10195,2007-08-18,2009-07-01,0.73
4817,cash,9439,0,11148,2014-10-22,2016-08-10,2.29
4817,cash,3111,1,10725,2012-10-09,2015-03-15,1.37
4817,credit,6520,1,11841,2009-12-18,2011-06-07,0.26
4817,credit,10383,0,10119,2005-09-27,2007-04-21,4.45
3493,other,12096,1,11096,2013-12-18,2015-11-23,1.59
3493,cash,14634,0,10130,2008-05-09,2010-08-06,4.06
3493,credit,10919,0,10249,2007-05-07,2009-10-10,4.95
3493,other,13383,0,10465,2001-02-04,2003-09-16,1.1
3493,credit,7014,1,11522,2007-06-11,2008-12-12,2.34
3493,cash,10499,0,10432,2005-10-17,2008-06-04,0.49
3493,other,4292,0,10107,2011-12-08,2014-01-29,0.9
3493,credit,11459,0,10688,2009-11-09,2011-03-31,4.5
3493,cash,14053,1,10659,2009-01-14,2011-03-15,4.29
3493,other,7458,0,11216,2006-05-13,2009-01-27,0.81
3493,other,1212,1,10707,2008-12-06,2011-06-26,5.59
3493,credit,6126,1,11231,2013-01-09,2014-07-15,1.64
3493,other,11244,1,10148,2007-10-23,2010-01-15,8.18
3493,home,4238,0,10401,2005-01-03,2007-01-25,1.45
3493,cash,8139,1,10761,2000-03-12,2002-08-05,6.46
3493,cash,4997,0,10419,2001-01-04,2003-02-04,1.31
3493,credit,7904,0,11623,2000-10-15,2002-07-07,0.5
2873,cash,12190,1,10609,2012-09-27,2015-03-07,2.15
2873,home,13820,1,10884,2003-02-08,2005-07-22,3.01
2873,other,14779,0,11858,2002-05-05,2004-06-11,2.9
2873,home,12181,0,11674,2003-01-20,2005-10-09,1.86
2873,other,6323,0,11135,2002-12-11,2005-06-20,3.82
2873,cash,2901,1,10125,2004-02-01,2006-05-13,5.25
2873,cash,12418,1,10540,2008-05-26,2010-01-25,2.7
2873,cash,4124,0,11168,2005-01-05,2006-11-01,1.92
2873,other,14782,1,11055,2013-02-04,2014-12-09,3.49
2873,cash,11632,1,11075,2007-09-23,2009-06-16,3.75
2873,home,4080,0,10874,2010-05-23,2012-12-07,0.58
2873,other,7495,1,10321,2002-07-12,2005-01-07,4.9
2873,home,10381,0,10307,2000-05-18,2002-08-17,5.94
2873,credit,5047,0,11569,2012-05-09,2014-05-23,2.35
2873,home,2791,0,10596,2006-09-23,2008-06-14,6.55
2873,other,6189,1,10899,2011-09-25,2013-09-10,3.13
2873,other,806,0,11862,2014-02-04,2015-10-06,1.7
3688,home,961,1,10989,2000-09-12,2002-09-03,4.21
3688,home,1254,1,10096,2001-05-16,2003-04-09,2.3
3688,credit,9038,1,11886,2000-03-14,2002-09-17,3.87
3688,other,10415,0,10896,2014-05-05,2016-10-05,0.91
3688,cash,4802,0,10272,2011-09-18,2013-07-11,9.03
3688,credit,1708,0,10165,2013-01-15,2015-05-26,4.02
3688,home,9548,0,11330,2002-07-16,2004-02-08,2.73
3688,credit,12649,1,11521,2013-10-05,2016-04-09,0.74
3688,other,12836,1,10449,2014-02-12,2016-03-21,3.25
3688,home,10362,0,10016,2005-09-18,2008-05-24,4.39
3688,other,1842,0,11136,2014-11-27,2017-05-25,4.21
3688,home,6380,0,11137,2001-08-24,2004-03-13,1.81
3688,credit,10710,1,11493,2005-02-23,2007-06-30,4.9
3688,cash,13424,0,10746,2004-03-14,2005-08-21,2.38
3688,other,3629,1,10483,2009-10-13,2012-05-02,1.18
3688,home,824,0,10764,2010-09-11,2012-03-09,5.63
4673,other,6285,1,10854,2014-11-27,2016-06-24,3.54
4673,home,3604,1,11779,2010-04-16,2012-09-26,5.65
4673,cash,7020,1,10133,2009-05-02,2011-05-22,3.88
4673,other,14879,0,11728,2010-02-05,2011-12-15,3.21
4673,other,1483,1,10561,2014-10-17,2017-03-31,1.81
4673,home,4773,1,10605,2006-10-03,2008-03-24,1.31
4673,home,10205,0,11690,2013-08-09,2015-12-30,6.88
4673,other,2239,1,10810,2003-02-13,2004-08-11,4.88
4673,credit,13240,0,10535,2001-08-21,2003-12-13,0.08
4673,cash,1644,1,11478,2005-08-26,2007-07-13,2.32
4673,other,11459,0,10042,2004-02-24,2005-08-08,2.05
4673,home,7251,0,11348,2001-07-17,2003-10-11,2.74
4673,cash,5616,0,10060,2005-11-27,2007-10-06,6.43
4673,home,8173,1,10370,2004-08-11,2006-08-09,0.23
3718,cash,9969,0,11039,2005-01-22,2006-08-26,0.89
3718,other,13545,1,10658,2005-04-21,2007-07-02,3.48
3718,home,2610,0,11801,2008-10-04,2011-04-02,9.34
3718,credit,8392,1,11277,2013-03-12,2015-06-12,1.86
3718,other,6294,1,10607,2008-06-26,2010-12-10,3.59
3718,other,5599,0,10871,2011-06-10,2012-11-13,2.32
3718,home,5310,1,11244,2013-10-23,2015-03-19,4.64
3718,home,4041,1,11617,2013-08-10,2016-01-11,2.01
3718,home,10227,0,10517,2012-04-04,2014-08-27,3.88
3718,credit,6623,0,11976,2014-05-07,2016-02-21,0.49
3718,cash,11900,1,11206,2003-07-03,2005-04-10,6.53
3718,other,12692,1,11379,2011-10-21,2013-10-09,0.94
3718,credit,14712,1,11822,2001-05-25,2002-12-26,5.28
3205,credit,3413,1,11744,2014-06-02,2016-10-16,3.11
3205,other,7391,1,11050,2000-12-11,2003-04-19,1.06
3205,home,12281,0,11991,2000-02-20,2002-02-23,5.48
3205,cash,7679,0,10124,2007-07-26,2009-02-06,0.88
3205,credit,5713,0,10735,2007-08-16,2009-03-10,3.76
3205,cash,3667,1,11307,2005-05-01,2007-01-27,4.32
3205,cash,2340,0,11289,2005-10-22,2007-10-17,4.33
3205,home,8187,1,11814,2009-12-17,2011-10-16,1.2
3205,home,6069,0,11255,2005-12-14,2008-06-10,5.95
3547,credit,10079,0,11803,2013-03-08,2014-11-25,0.78
3547,home,7021,1,10189,2009-02-03,2010-07-04,5.04
3547,credit,7581,1,11282,2000-05-22,2003-01-24,3.98
3547,cash,3464,0,10663,2008-03-20,2010-10-29,5.09
3547,other,6446,1,10892,2005-07-24,2007-08-18,4.85
3547,other,12081,0,11549,2006-03-10,2007-11-01,3.52
3547,other,3238,1,11918,2002-10-13,2004-04-22,0.72
3547,home,7166,1,11488,2007-12-15,2009-07-19,1.1
3547,cash,7127,1,11005,2014-06-22,2016-06-26,2.58
3547,home,7417,1,10555,2004-07-26,2006-10-08,1.66
3547,credit,13013,1,10984,2001-11-26,2004-01-09,4.61
3547,cash,4763,0,11504,2014-11-02,2016-11-25,1.41
3547,credit,8256,0,10744,2003-11-19,2005-09-04,1.96
3547,home,4296,1,11745,2003-05-09,2004-11-12,2.69
3547,credit,1348,0,11890,2006-03-10,2008-08-10,13.1
3547,credit,1244,0,11357,2001-04-03,2003-10-27,1.88
3547,other,6316,1,10369,2010-11-21,2013-03-07,1.24
4118,home,1284,0,10394,2011-03-06,2013-11-12,3.81
4118,home,2375,1,11401,2005-06-05,2008-01-11,0.88
4118,home,1659,0,10532,2014-12-02,2016-12-17,1.38
4118,credit,13696,0,10237,2003-09-16,2005-03-24,8.39
4118,credit,5140,0,10368,2013-12-03,2015-07-17,2.35
4118,home,3122,1,11925,2003-01-11,2005-01-01,0.47
4118,cash,7667,0,11872,2011-10-22,2013-10-07,2.49
4118,other,6036,1,11019,2007-12-04,2009-06-03,1.86
4118,other,13908,0,10003,2000-11-19,2002-08-06,8.01
4118,credit,6016,0,11657,2002-10-20,2004-08-15,1.09
4118,other,5912,0,10350,2002-08-03,2004-03-25,0.28
4118,credit,9472,0,10560,2004-03-17,2006-06-16,1.56
4118,home,6662,1,10248,2014-03-01,2016-10-04,1.37
4118,cash,1334,1,11620,2012-01-01,2014-09-02,3.69
2090,home,2919,0,10277,2010-11-15,2012-05-16,1.56
2090,other,5368,0,11446,2005-10-01,2007-04-10,2.62
2090,cash,12708,1,11195,2008-03-20,2010-09-25,3.67
2090,cash,10064,0,10344,2014-12-10,2016-08-22,0.1
2090,other,7147,1,11167,2006-02-09,2008-02-22,3.12
2090,other,6515,1,11665,2008-05-21,2011-01-27,0.25
2090,home,14591,0,10674,2003-05-13,2005-12-11,1.7
2090,cash,10446,1,11384,2008-01-23,2009-07-26,9.75
2090,home,12907,1,10424,2005-05-23,2007-04-30,4.12
2090,other,8676,0,11700,2010-08-15,2012-08-29,7.85
2090,cash,9743,0,10760,2004-03-03,2005-08-02,3.83
2090,home,10712,1,11340,2014-11-27,2016-12-30,5.15
2090,home,8814,1,10806,2000-01-15,2002-07-16,4.15
2545,other,8061,0,11139,2010-08-05,2012-05-13,1.41
2545,other,8755,1,11324,2001-04-25,2002-11-19,0.65
2545,other,684,0,11293,2013-10-27,2016-01-11,1.07
2545,home,5689,1,10038,2011-03-21,2013-05-19,7.31
2545,home,2058,1,10768,2002-02-18,2004-03-19,0.74
2545,credit,4370,0,11848,2009-01-26,2010-10-06,2.18
2545,home,3275,1,11180,2007-01-10,2009-05-16,4.88
2545,home,6006,0,11670,2006-06-04,2008-09-05,2.02
2545,credit,3348,1,10226,2012-08-18,2015-01-29,1.87
2545,credit,4964,1,11785,2007-06-02,2009-09-13,2.65
2545,home,7823,0,10355,2014-09-21,2016-04-29,3.36
2545,credit,3249,1,10566,2012-11-07,2014-10-22,3.66
2545,credit,6650,1,10045,2007-12-26,2009-05-19,3.6
2545,home,11114,0,10101,2003-04-22,2005-05-16,3.24
2545,home,9547,0,10756,2014-07-21,2016-07-11,2.51
4347,credit,6975,1,11909,2001-12-14,2003-06-30,2.02
4347,cash,4441,1,11369,2002-01-08,2003-11-28,5.91
4347,home,10174,1,11174,2001-05-05,2003-04-08,0.86
4347,credit,5549,1,10409,2005-11-02,2008-01-06,5.41
4347,credit,6689,1,11952,2002-07-04,2003-12-22,2.01
4347,home,2614,0,10720,2011-01-25,2012-10-17,1.19
4347,other,1843,1,10960,2009-03-13,2010-10-07,1.64
4347,cash,7299,1,11481,2001-01-15,2002-10-10,5.53
4347,other,903,0,11536,2009-03-27,2011-08-30,0.96
4347,other,14489,0,11788,2011-04-24,2013-04-06,2.8
4347,cash,7932,0,10786,2012-02-25,2014-09-10,3.42
4347,credit,1842,0,11498,2008-06-12,2010-10-13,3.8
4347,credit,2999,0,11844,2000-12-24,2003-05-21,0.49
4347,home,5390,0,10816,2013-12-07,2015-09-29,5.51
4347,other,6194,0,10450,2008-12-25,2011-03-01,0.35
4347,other,9096,0,11247,2001-11-26,2003-04-12,0.37
4347,cash,12861,0,11276,2005-04-14,2006-10-10,1.3
2367,other,6581,1,11111,2003-08-15,2005-04-14,0.66
2367,other,960,0,11465,2013-06-20,2015-12-24,3.91
2367,credit,2003,0,11485,2007-08-20,2009-12-28,1.72
2367,other,12841,0,11021,2007-06-07,2010-01-13,4.72
2367,home,3026,0,10710,2007-02-15,2009-09-26,4.43
2367,other,792,0,10773,2009-03-16,2011-05-08,4.49
2367,home,4654,1,10577,2010-12-19,2013-04-18,3.55
2367,home,11616,1,11398,2009-08-07,2011-08-30,2.98
2367,other,11439,0,10219,2002-04-17,2004-10-01,0.04
2367,credit,3529,0,10510,2010-10-15,2012-03-14,3.29
2367,other,8363,1,11197,2002-02-15,2004-03-27,3.69
2367,credit,9685,0,10332,2009-05-08,2011-05-20,3.38
2367,cash,14178,0,11022,2003-03-13,2004-08-05,3.4
2367,credit,13220,1,10139,2009-06-23,2011-06-15,3.96
2367,home,14892,1,11402,2004-04-06,2005-10-05,0.31
2367,credit,6422,1,10785,2005-04-14,2007-12-06,4.94
2102,home,8730,1,11128,2008-06-25,2011-03-05,1.44
2102,home,3109,0,11979,2008-12-15,2011-01-07,4.87
2102,home,7108,1,11765,2000-04-16,2002-06-24,0.47
2102,home,3748,0,10256,2003-06-22,2005-06-17,2.14
2102,cash,9477,0,11618,2006-11-23,2008-04-18,0.2
2102,other,6222,0,11523,2012-05-19,2014-10-30,5.91
2102,home,3854,1,10644,2012-08-23,2015-04-16,6.14
2102,cash,11883,1,10861,2003-11-21,2006-02-09,2.44
2102,cash,3990,0,11262,2000-02-06,2002-06-03,0.54
2102,cash,14994,0,10504,2003-08-20,2005-10-17,6.93
2102,other,12368,0,11062,2003-08-23,2005-02-25,7.95
2102,home,4452,1,10961,2000-11-10,2003-05-25,1.16
2102,cash,1454,1,11191,2004-05-16,2006-07-17,0.19
2102,home,3725,0,10927,2006-11-11,2008-04-23,4.96
3606,other,3720,1,11475,2010-12-10,2013-03-22,1.18
3606,home,13017,1,10945,2000-09-09,2002-04-02,2.4
3606,home,8095,1,10091,2010-05-08,2012-11-20,4.35
3606,cash,7550,0,11271,2003-07-08,2005-03-23,0.78
3606,cash,6172,0,11550,2013-11-20,2016-04-15,6.37
3606,cash,9124,0,10972,2004-07-20,2006-02-13,1.22
3606,home,5774,0,11265,2014-03-09,2015-11-14,2.61
3606,other,12333,1,11266,2006-11-09,2009-04-25,3.32
3606,home,14131,1,11950,2002-10-05,2004-04-04,2.32
3606,other,14332,1,11673,2005-01-11,2006-10-01,0.37
3606,other,4576,1,10731,2010-09-15,2013-01-20,0.08
3606,credit,8577,0,11609,2014-04-27,2016-07-12,0.7
3606,credit,12754,1,10520,2006-08-13,2009-03-23,0.92
3606,home,14647,0,10177,2007-02-20,2008-09-21,6.5
3606,credit,5282,0,10512,2004-10-03,2006-12-16,3.03
3606,other,9153,1,10593,2013-02-12,2015-08-21,0.18
4768,home,9055,1,11628,2007-05-03,2009-08-04,2.31
4768,credit,9390,0,11956,2011-03-21,2012-09-13,1.1
4768,home,3448,0,10780,2004-08-06,2005-12-25,4.01
4768,cash,3563,0,10613,2000-01-18,2001-07-27,2.06
4768,cash,14953,1,10180,2012-01-25,2013-09-26,3.69
4768,credit,3018,0,11577,2001-09-06,2003-01-26,1.51
4768,other,1244,0,10558,2014-02-12,2016-07-23,8.4
4768,credit,12231,1,11186,2001-02-14,2003-08-20,1.11
4768,cash,11307,0,11891,2001-02-16,2002-12-06,1.49
4768,cash,4539,0,10886,2003-05-06,2005-06-06,3.94
4768,other,5300,1,11210,2012-10-05,2015-02-14,1.76
4768,other,7435,1,10737,2006-12-08,2008-10-12,3.45
4768,home,10424,0,10604,2005-06-11,2007-08-07,0.89
4768,other,12022,0,11697,2012-12-15,2015-08-26,2.26
4768,credit,11440,1,10081,2001-07-05,2003-03-02,4.63
4768,credit,8795,1,11109,2010-03-14,2012-01-15,0.21
4768,home,6819,1,11938,2012-04-12,2014-04-27,1.67
4776,home,5011,0,11155,2012-02-11,2014-08-10,1.68
4776,other,3942,1,11997,2004-03-24,2006-10-05,0.74
4776,credit,6459,1,11652,2006-06-17,2008-11-16,0.61
4776,credit,14340,1,11684,2014-04-08,2016-11-04,0.07
4776,home,3039,1,11372,2013-04-19,2015-12-29,0.57
4776,other,5601,0,11510,2008-05-08,2010-01-14,2.19
4776,home,14250,1,10823,2006-06-18,2008-05-24,0.83
4776,other,9624,0,11236,2012-09-13,2014-12-22,8.64
4776,credit,2464,0,11337,2003-02-19,2004-09-07,1.93
4776,credit,11292,0,10882,2002-07-17,2004-03-16,5.85
4776,other,11316,0,11316,2007-01-26,2009-06-27,0.5
4776,credit,6040,0,11344,2001-09-03,2004-05-05,0.83
4776,other,14795,1,10083,2009-07-03,2012-03-08,2.0
4776,home,13504,0,10836,2010-11-18,2013-03-05,5.31
4776,home,9197,1,10351,2002-08-14,2005-04-08,3.91
4776,home,3096,0,10969,2014-12-06,2017-03-13,2.19
3309,home,13314,1,11904,2004-08-18,2006-02-13,0.24
3309,other,12794,0,10983,2013-05-12,2015-04-12,1.18
3309,other,9028,0,10626,2011-05-13,2013-11-26,4.25
3309,credit,13253,0,11675,2012-08-03,2014-06-07,0.62
3309,credit,3647,0,11495,2003-01-14,2004-10-09,1.98
3309,other,3477,1,11010,2002-12-25,2005-05-29,0.5
3309,cash,752,1,10736,2007-10-13,2009-11-07,3.77
3309,cash,11068,0,10967,2014-11-06,2017-05-01,3.92
3309,home,10117,1,11164,2007-07-06,2009-04-12,2.84
3309,cash,513,1,11053,2012-12-18,2014-05-23,0.54
3309,other,14254,0,10468,2010-01-06,2011-08-13,5.03
3309,home,9575,1,10371,2005-07-24,2008-01-21,3.83
3309,home,10379,0,11296,2004-02-27,2006-05-22,2.96
2557,home,5428,0,10399,2011-02-02,2013-02-28,1.33
2557,credit,8310,0,11458,2009-08-16,2011-11-10,1.37
2557,cash,3057,0,10212,2006-08-09,2008-11-03,0.35
2557,other,7476,1,11804,2009-09-02,2011-04-24,6.06
2557,home,13628,1,11500,2000-12-25,2002-07-26,2.64
2557,credit,10087,0,11888,2012-05-26,2014-08-17,2.91
2557,credit,11404,1,10386,2005-01-15,2007-07-01,10.37
2557,other,12578,1,11563,2002-09-07,2005-03-27,3.84
2557,home,6363,0,10330,2012-07-06,2014-08-23,4.53
2557,credit,2552,0,10106,2002-01-23,2004-03-27,10.2
2557,other,1441,0,10796,2011-01-03,2012-08-01,4.16
2557,credit,10422,1,11291,2005-05-10,2006-12-31,4.64
2557,credit,3965,1,11305,2010-04-09,2012-05-05,2.95
2557,other,1041,1,10328,2002-06-16,2004-09-11,5.78
2557,other,14498,1,11921,2005-02-02,2007-08-27,0.52
2904,cash,4842,1,10825,2006-08-20,2008-12-01,1.68
2904,home,6896,1,11334,2011-02-07,2012-08-16,1.72
2904,credit,1411,1,10482,2003-04-02,2005-10-02,5.03
2904,credit,11882,0,10020,2014-01-20,2016-03-01,4.32
2904,credit,8227,0,10702,2012-12-25,2014-05-31,0.41
2904,home,9528,1,11662,2012-04-22,2014-03-04,0.7
2904,home,528,0,11175,2004-01-05,2005-11-26,3.96
2904,cash,13347,1,10830,2007-07-22,2009-04-29,1.54
2904,cash,5582,1,11967,2005-01-27,2006-10-15,1.7
2904,home,3673,1,10858,2010-11-17,2012-09-19,3.76
2904,home,14427,1,10748,2000-11-23,2002-06-04,7.22
3894,other,11029,1,10184,2008-12-04,2011-04-07,0.53
3894,credit,6397,1,10015,2001-03-02,2002-10-14,3.55
3894,credit,10357,1,11173,2008-10-14,2011-05-14,4.48
3894,other,5350,0,11259,2013-08-22,2015-11-24,1.51
3894,other,12380,0,11931,2003-04-23,2005-09-10,1.47
3894,home,2180,0,10528,2010-07-26,2013-03-21,2.2
3894,other,11858,0,10687,2008-03-14,2010-01-17,3.86
3894,other,4023,1,11287,2001-01-07,2003-09-09,2.98
3894,cash,2758,1,10883,2014-09-27,2017-05-24,2.0
3894,credit,3073,0,11455,2005-03-14,2007-08-17,4.55
3894,other,8270,0,10110,2002-03-05,2004-02-22,4.03
3894,home,11647,1,10012,2004-08-25,2006-09-24,3.66
2713,credit,6788,1,10017,2008-01-08,2010-10-01,4.11
2713,cash,655,0,11648,2009-12-10,2011-07-02,1.79
2713,other,11514,1,11482,2014-08-25,2017-02-03,0.94
2713,credit,1351,1,11605,2013-05-13,2015-03-14,0.57
2713,cash,4712,1,11400,2009-07-19,2011-08-02,3.15
2713,cash,14225,1,11635,2009-07-18,2011-10-04,0.7
2713,other,12626,0,11585,2002-07-22,2005-03-27,1.65
2713,cash,1673,0,11637,2009-08-14,2012-02-27,4.64
2713,other,715,1,10923,2000-04-21,2002-12-16,4.2
2713,cash,3939,0,10381,2008-04-08,2009-11-02,5.75
2713,other,1128,0,10747,2003-05-16,2006-01-30,9.59
2713,cash,854,1,10374,2001-05-22,2003-02-11,3.38
2713,home,11991,1,11480,2000-06-27,2002-07-15,1.35
2524,home,2509,1,10955,2007-04-14,2009-02-06,1.28
2524,credit,4121,0,10058,2003-12-20,2006-01-30,0.31
2524,cash,5767,0,11944,2001-03-21,2003-09-02,4.51
2524,cash,4635,1,10703,2014-09-11,2016-08-15,3.25
2524,home,1992,1,10797,2008-11-24,2011-01-25,6.79
2524,other,13698,0,11412,2014-12-22,2017-05-30,0.15
2524,other,1960,1,10398,2003-08-17,2005-02-17,4.79
2524,home,10067,1,11319,2014-03-26,2016-09-08,2.27
2524,other,8959,0,10357,2004-09-08,2006-11-15,0.76
2524,home,6509,0,11586,2008-04-13,2010-01-08,4.49
2524,credit,8348,0,11701,2001-10-04,2003-09-07,3.9
2524,home,10228,1,10044,2005-05-01,2006-09-14,3.01
2003,cash,3394,1,10173,2003-08-11,2005-07-11,1.02
2003,home,2267,0,11132,2010-07-16,2012-10-18,2.61
2003,other,5315,1,11454,2010-07-27,2012-04-19,0.39
2003,cash,6034,1,11150,2001-03-01,2003-11-01,2.67
2003,cash,2334,0,11959,2006-06-27,2009-03-12,7.13
2003,other,3278,0,10227,2011-10-22,2014-02-16,2.07
2003,other,5087,0,10404,2007-04-24,2009-04-22,4.32
2003,home,7073,0,11940,2012-08-09,2014-01-06,0.42
2003,cash,10314,1,10024,2009-04-19,2011-07-22,1.41
4083,credit,14502,1,10489,2005-10-14,2007-08-18,1.28
4083,other,13562,0,11604,2002-08-03,2004-10-21,1.43
4083,home,13162,1,10402,2011-04-03,2013-03-22,1.77
4083,cash,10517,0,11239,2004-09-02,2007-01-18,3.0
4083,credit,3548,1,11876,2013-05-20,2015-12-27,5.75
4083,home,1103,0,10942,2012-02-07,2014-02-21,3.31
4083,home,2562,1,11691,2011-12-21,2013-08-16,3.55
4083,cash,11862,0,11048,2005-09-16,2007-11-07,2.97
4083,cash,3113,0,11632,2005-02-12,2007-05-14,2.27
4083,credit,5764,0,10224,2004-07-02,2006-07-07,0.73
4083,cash,923,0,10411,2001-06-26,2003-09-24,5.41
4083,other,13143,0,10998,2012-09-27,2014-08-15,4.81
4514,other,13830,1,11768,2009-08-14,2011-12-07,7.02
4514,home,7478,0,11982,2005-06-27,2007-10-08,1.24
4514,cash,8265,1,11576,2003-10-18,2005-05-16,2.53
4514,credit,6345,0,10536,2010-03-06,2011-11-24,0.99
4514,other,5587,1,10367,2000-03-18,2001-09-05,2.44
4514,home,8753,0,10903,2005-12-27,2008-09-21,7.21
4514,home,2497,1,11037,2008-06-18,2010-08-14,2.9
4514,home,1326,0,11552,2000-05-01,2002-09-18,4.54
4514,credit,1073,1,11497,2010-12-19,2012-10-24,1.28
4514,other,9030,0,10196,2002-12-16,2004-07-22,2.38
4514,other,14164,0,10852,2008-08-03,2010-05-29,8.35
4514,credit,4274,0,11383,2013-04-16,2015-03-30,3.71
4029,credit,7390,0,11341,2009-08-20,2011-11-02,3.42
4029,home,2414,1,11622,2003-06-12,2005-03-31,0.03
4029,credit,2854,1,11570,2001-10-20,2003-03-10,1.58
4029,credit,8355,1,11049,2002-08-12,2004-02-14,4.01
4029,home,2995,1,10632,2013-11-19,2016-01-24,5.25
4029,other,3666,0,10821,2005-11-11,2008-06-22,6.55
4029,credit,14056,1,11595,2005-03-15,2007-05-15,4.21
4029,credit,10933,0,11732,2011-10-05,2014-05-05,6.45
4029,cash,1635,0,10872,2014-09-08,2016-10-08,0.96
4029,other,6061,0,10670,2002-03-16,2003-10-28,3.94
4029,cash,8870,1,10623,2009-12-24,2011-07-24,1.35
4029,home,11516,0,10567,2013-02-25,2014-11-02,6.56
4029,other,7201,0,10857,2008-07-19,2011-01-30,0.04
4029,other,11103,0,11151,2013-12-12,2015-10-12,3.9
4029,credit,14611,1,10229,2010-07-14,2012-10-08,0.61
4029,home,13073,1,10013,2007-05-27,2009-10-09,1.93
4366,cash,13929,0,10834,2014-02-26,2016-09-16,7.27
4366,home,933,0,11358,2010-09-19,2012-05-03,3.77
4366,other,977,0,10434,2010-11-17,2013-05-10,1.33
4366,credit,7588,0,10662,2004-05-22,2005-10-20,2.5
4366,home,1268,0,10057,2011-02-15,2012-08-09,2.06
4366,other,6895,0,11423,2005-01-05,2006-09-20,2.68
4366,credit,6940,0,11842,2001-04-24,2003-11-27,5.98
4366,home,8208,0,11209,2000-03-17,2002-07-28,5.12
4366,other,1513,0,11917,2003-06-14,2005-11-03,0.26
4366,other,7472,0,11399,2013-10-27,2015-04-15,1.96
4366,home,1137,1,10286,2013-05-06,2015-12-11,0.02
4366,credit,1586,1,11215,2006-06-08,2008-11-19,3.9
2041,home,7158,1,11664,2006-09-14,2008-07-22,7.86
2041,cash,11245,0,10591,2010-10-04,2012-08-21,3.31
2041,home,9477,1,10010,2006-11-19,2009-08-05,0.7
2041,home,9424,0,11339,2003-10-13,2005-07-13,10.07
2041,cash,1049,0,11993,2005-11-17,2008-07-15,1.48
2041,credit,10095,0,10722,2001-11-04,2004-06-27,8.36
2041,credit,3556,1,11242,2013-09-25,2015-12-05,2.71
2041,credit,2848,0,11353,2010-05-19,2012-03-27,4.29
2041,credit,1470,1,10772,2010-11-26,2012-12-23,1.87
2041,other,8552,0,10885,2006-04-22,2008-08-24,2.84
2041,other,13342,1,11248,2008-11-13,2010-09-12,5.25
2041,credit,2813,1,10503,2011-01-21,2012-08-23,2.19
2041,credit,3705,1,11907,2002-02-27,2003-11-27,0.06
2041,home,14024,1,10405,2002-03-25,2004-03-06,0.42
2242,cash,7178,0,11772,2012-02-15,2014-10-17,3.09
2242,cash,7911,0,11457,2001-06-21,2003-08-26,2.59
2242,cash,13840,1,10055,2001-09-24,2003-11-20,4.08
2242,credit,14455,0,10930,2005-04-01,2007-10-12,3.96
2242,other,8170,0,10410,2011-02-22,2013-10-18,0.75
2242,cash,1805,0,10039,2000-01-08,2001-11-10,2.86
2242,home,1679,1,10068,2006-04-05,2007-12-21,0.67
2242,other,10258,0,11588,2012-09-04,2015-03-19,5.9
2242,other,8503,1,10864,2011-07-19,2014-03-31,0.19
2242,home,10955,1,10220,2008-08-03,2010-12-22,1.78
2242,home,12283,1,11362,2011-11-22,2013-12-20,3.09
2276,credit,9308,0,10252,2007-04-26,2009-08-08,3.18
2276,credit,2448,0,10253,2009-06-10,2010-11-21,4.96
2276,home,2891,1,11105,2003-12-23,2006-01-12,1.52
2276,home,2085,0,10579,2002-12-18,2005-08-01,0.63
2276,home,8819,1,10216,2003-09-23,2006-06-09,1.2
2276,home,13481,0,11980,2003-05-24,2005-06-19,2.01
2276,cash,13786,0,10846,2002-01-05,2003-12-28,0.35
2276,credit,6680,1,10308,2011-06-12,2012-11-23,1.24
2276,cash,11334,1,11476,2002-01-05,2004-04-17,7.83
3557,credit,11298,0,10061,2008-12-05,2011-04-05,1.22
3557,credit,3870,1,10433,2007-05-07,2009-02-23,2.29
3557,credit,5188,0,10774,2005-04-14,2006-11-21,3.01
3557,cash,1128,0,10478,2009-09-26,2012-03-11,1.82
3557,other,1368,1,11444,2008-05-26,2009-12-10,2.14
3557,credit,11972,1,11527,2003-10-04,2006-03-01,5.29
3557,home,6316,0,11447,2007-11-08,2010-07-24,0.3
3557,home,6722,1,11411,2009-07-19,2010-12-15,5.63
3557,other,6094,0,10812,2003-02-18,2005-06-06,0.57
3557,credit,8426,0,11710,2001-12-04,2004-01-20,3.81
3557,other,10544,0,10298,2004-09-10,2006-09-23,0.36
3557,home,3990,1,11573,2011-04-16,2013-08-18,1.88
3557,credit,6197,0,11899,2000-01-07,2002-09-15,0.8
3281,other,12363,0,10294,2006-09-13,2009-02-18,0.49
3281,home,3240,1,11312,2011-02-26,2012-08-03,2.24
3281,credit,3663,0,10601,2010-12-25,2012-09-28,3.99
3281,cash,6440,1,10435,2010-09-02,2012-10-16,0.95
3281,home,7726,1,10611,2013-11-23,2016-05-06,8.69
3281,home,546,1,10453,2008-01-15,2009-09-17,1.99
3281,home,14896,1,10730,2005-03-14,2007-07-04,3.06
3281,home,11283,0,10426,2002-09-23,2004-03-06,2.36
3281,home,3205,1,11578,2011-06-02,2013-01-26,0.67
3281,other,7096,0,10937,2005-07-23,2008-02-21,3.37
3281,cash,6646,1,11430,2001-07-13,2003-05-05,0.01
2429,cash,6456,1,10692,2006-05-07,2008-07-22,1.31
2429,home,10356,0,11509,2008-02-25,2010-08-21,0.51
2429,other,3589,0,11059,2002-04-21,2004-11-06,2.87
2429,home,852,0,10333,2013-11-06,2015-12-13,1.72
2429,home,7255,0,11061,2004-05-20,2007-01-23,1.7
2429,cash,1768,1,11806,2003-02-27,2005-09-03,4.85
2429,other,1668,0,11309,2011-07-21,2013-05-10,3.62
2429,home,4788,1,10454,2013-05-19,2015-04-17,1.19
2429,other,3403,1,10706,2005-08-23,2008-04-27,1.65
2429,home,5637,1,11835,2012-02-16,2013-08-18,4.5
2429,cash,13449,1,11103,2008-12-10,2010-12-02,0.14
4164,other,522,0,11852,2000-09-02,2002-10-03,4.85
4164,other,8396,0,11594,2007-09-22,2010-05-24,7.14
4164,home,4744,0,11202,2010-10-27,2013-05-27,0.89
4164,cash,10639,1,11869,2006-02-02,2008-10-22,1.93
4164,other,7575,1,10046,2014-08-22,2016-10-13,3.42
4164,home,6660,1,11321,2008-12-17,2010-09-18,4.45
4164,cash,8904,1,10288,2012-11-07,2015-03-11,3.8
4164,home,8358,1,10261,2011-08-13,2014-02-23,2.63
4164,home,14155,1,11178,2014-07-19,2016-04-23,5.57
4164,other,14945,1,10053,2014-05-26,2016-09-13,1.42
4164,credit,5515,1,11640,2001-05-13,2002-09-25,2.0
3088,credit,14263,1,10445,2005-04-21,2007-04-06,0.68
3088,home,1135,1,11025,2013-12-07,2015-10-06,1.75
3088,cash,10726,1,11226,2013-05-03,2015-10-23,0.66
3088,credit,10561,0,10602,2012-02-03,2014-07-20,4.81
3088,home,1672,1,11551,2013-02-05,2015-03-19,7.63
3088,cash,12349,1,10697,2013-07-12,2015-01-26,4.11
3088,home,1239,1,10523,2001-01-05,2002-06-03,3.77
3088,cash,4822,0,10819,2005-02-26,2007-11-02,2.6
3088,cash,9337,1,10738,2000-03-07,2001-10-15,1.92
3088,home,5453,0,11600,2011-09-04,2013-05-25,6.7
3088,credit,5656,1,11179,2001-05-02,2003-04-16,4.25
3088,cash,7466,0,11492,2003-09-27,2006-04-28,1.18
3088,cash,2225,0,11868,2007-08-17,2010-04-19,1.36
3088,home,6414,0,11354,2005-01-27,2007-06-03,9.17
2354,credit,5792,1,10755,2000-11-19,2002-06-21,3.95
2354,home,9865,1,10192,2001-04-09,2003-06-09,4.27
2354,credit,8175,0,10095,2014-07-01,2016-02-17,4.25
2354,other,2370,1,10473,2009-11-12,2011-08-08,2.76
2354,credit,3008,0,10627,2009-06-27,2011-04-22,4.02
2354,other,5743,0,11969,2000-11-27,2002-06-08,0.61
2354,other,14654,0,11914,2003-01-19,2005-06-23,2.19
4922,other,1943,0,10708,2002-11-15,2004-04-04,1.05
4922,credit,10109,0,11531,2012-12-11,2015-06-28,4.76
4922,credit,5117,0,10987,2001-05-16,2004-01-05,0.68
4922,home,11446,0,10569,2002-03-24,2003-09-04,4.04
4922,credit,1574,1,11547,2004-07-26,2006-08-28,4.1
4922,home,8484,0,10143,2014-03-27,2016-02-25,1.62
4922,credit,12643,0,10004,2003-08-17,2005-06-07,3.3
4922,other,13435,0,10522,2006-07-10,2009-01-05,2.47
4922,cash,13717,1,11556,2007-09-03,2010-03-24,1.85
4922,home,10732,1,10480,2005-09-15,2007-07-13,6.27
4922,other,9697,0,11300,2005-10-14,2008-04-22,4.63
4922,cash,5984,1,11171,2004-11-08,2007-05-12,2.05
4922,home,9015,0,10412,2011-02-22,2013-08-31,0.43
4922,home,4150,1,11999,2000-12-16,2003-09-09,2.64
2626,other,8538,0,11441,2013-05-18,2016-02-01,6.39
2626,other,8093,0,11887,2009-01-15,2010-10-28,6.34
2626,home,4062,1,11553,2009-07-16,2011-12-17,6.56
2626,other,9235,1,11703,2012-07-05,2014-07-26,0.79
2626,cash,12850,1,11767,2007-11-20,2009-05-05,1.84
2626,home,1612,1,11440,2014-02-25,2016-11-16,3.91
2626,home,1406,0,10788,2009-08-08,2011-04-10,1.36
2626,home,7677,1,11780,2001-10-15,2003-12-18,1.19
2626,cash,11626,1,10568,2012-10-11,2015-02-16,2.45
2626,other,8544,1,10120,2005-12-19,2007-06-08,1.2
4594,cash,10162,1,10622,2004-09-15,2006-02-25,2.86
4594,home,4987,0,10784,2004-01-04,2005-06-26,0.85
4594,credit,513,0,11681,2006-10-26,2008-09-13,1.49
4594,cash,6776,1,11472,2001-01-21,2003-01-12,0.87
4594,credit,8666,1,11557,2010-04-15,2012-07-14,1.17
4594,credit,9845,0,11077,2011-10-08,2013-03-17,5.21
4594,credit,14722,1,10843,2006-04-10,2008-02-17,1.38
4594,credit,5912,1,11658,2011-10-25,2013-11-04,4.0
4594,home,8950,0,10315,2009-09-24,2012-03-15,1.99
4492,home,6127,1,11857,2014-03-27,2016-05-09,10.41
4492,other,7489,0,10640,2012-09-06,2014-06-20,1.97
4492,other,1401,0,10269,2010-10-15,2012-08-10,3.5
4492,cash,13083,1,10965,2012-04-02,2014-10-22,2.79
4492,other,11354,1,10238,2007-10-08,2010-06-18,2.83
4492,credit,8346,0,10732,2003-04-16,2005-10-13,1.34
4492,other,6204,1,10208,2007-02-08,2009-06-08,3.95
4492,other,12734,1,10980,2012-06-14,2015-02-26,5.06
4492,home,13808,1,11298,2007-01-05,2009-09-03,1.41
4492,cash,8764,0,10929,2002-02-10,2003-09-24,4.88
2595,home,10848,1,11284,2013-05-24,2015-04-08,12.4
2595,credit,7157,1,11310,2006-01-15,2008-06-24,0.19
2595,home,9977,0,10126,2003-01-04,2005-07-16,2.03
2595,home,9216,0,11317,2012-07-06,2014-09-20,0.22
2595,other,6219,1,11396,2012-08-25,2014-09-27,8.61
2595,home,1227,1,11496,2004-10-11,2006-09-14,0.48
2595,cash,3864,1,10459,2011-02-06,2013-09-03,2.9
2595,other,11218,1,11984,2007-08-27,2010-03-22,0.84
2595,other,1555,1,10606,2013-06-23,2016-02-14,1.72
2595,home,11103,1,10649,2002-02-20,2004-01-01,5.01
2595,other,10326,1,11642,2008-12-04,2010-08-31,5.92
2595,cash,1929,1,11794,2000-08-09,2002-05-27,1.95
2595,credit,1693,1,11758,2009-02-27,2011-10-02,1.96
3458,cash,14138,1,10698,2000-07-05,2002-11-23,3.43
3458,home,6712,1,11268,2003-02-13,2005-06-15,5.41
3458,home,2666,1,11428,2000-04-04,2002-03-25,0.93
3458,cash,7831,0,11671,2008-04-23,2010-06-10,1.98
3458,home,2387,0,11992,2007-03-21,2008-12-01,2.25
3458,credit,11254,1,11898,2004-04-09,2006-05-09,3.44
3458,home,6203,0,10549,2012-02-26,2014-05-01,0.05
3458,credit,1702,0,11792,2010-05-12,2011-12-12,6.34
4369,other,3736,0,10628,2013-03-25,2015-11-26,0.67
4369,credit,7488,1,10745,2004-04-12,2005-12-04,9.28
4369,credit,11665,0,10338,2000-01-05,2002-04-20,4.23
4369,credit,4951,1,11990,2005-06-08,2007-01-18,3.47
4369,home,14420,1,10187,2013-09-14,2016-05-13,4.71
4369,other,5292,0,10667,2009-04-25,2010-10-09,3.0
4369,other,3431,0,11572,2003-05-04,2005-08-21,1.49
4369,cash,2293,0,10062,2004-04-17,2006-05-05,4.46
4369,credit,11592,1,10087,2006-10-04,2008-11-18,8.52
4369,home,14076,1,10592,2007-03-11,2009-06-11,2.08
4369,home,10596,1,11636,2014-03-25,2016-01-15,6.6
4369,credit,11527,0,11314,2006-04-25,2008-07-04,2.61
4089,credit,7526,0,11798,2014-05-13,2016-12-14,2.75
4089,cash,13433,1,10809,2000-07-19,2002-10-29,3.02
4089,other,2153,1,10299,2003-10-23,2006-02-25,4.02
4089,cash,14038,1,11185,2002-12-13,2005-06-21,0.15
4089,other,5451,1,10163,2006-10-04,2008-02-29,5.79
4089,cash,14815,1,10869,2013-04-17,2014-10-26,2.97
4089,other,8812,1,10300,2007-11-14,2009-10-18,3.17
4089,credit,6296,1,11391,2009-05-03,2011-11-26,5.04
4089,home,9030,0,11880,2003-05-04,2005-03-11,4.91
3326,home,8239,1,11838,2002-04-27,2003-10-26,5.33
3326,cash,14294,1,10295,2008-01-11,2010-05-30,10.03
3326,cash,13308,0,11932,2011-11-23,2013-10-10,6.7
3326,credit,9563,1,11122,2006-05-13,2008-09-07,10.19
3326,home,14393,0,11731,2009-05-20,2011-10-13,1.48
3326,cash,9180,0,10679,2010-06-25,2013-01-10,6.61
3326,home,13026,1,10279,2010-05-20,2012-02-25,9.78
3326,other,7660,0,11892,2007-12-01,2009-08-15,3.34
3326,cash,8690,1,11800,2008-10-08,2011-03-26,1.26
3326,credit,13321,1,11639,2004-12-26,2006-11-22,7.86
3326,cash,12648,1,11220,2005-06-23,2008-03-17,8.04
2476,credit,5188,0,10167,2011-12-22,2013-08-26,1.53
2476,other,12109,0,11906,2002-04-20,2004-12-29,4.5
2476,credit,2620,1,10239,2011-12-07,2013-08-03,6.62
2476,cash,12744,1,10064,2014-05-07,2015-12-16,0.91
2476,cash,12840,0,11104,2008-11-20,2011-06-13,0.64
2476,other,4630,1,11626,2013-06-11,2015-03-27,3.24
2476,other,3924,0,10629,2003-12-19,2005-06-12,0.13
2476,home,2842,0,10484,2003-11-21,2006-03-14,7.83
3367,cash,10184,1,10514,2003-01-01,2005-07-05,1.12
3367,other,14421,1,11663,2014-06-22,2016-02-24,3.0
3367,other,6601,1,10693,2003-08-03,2005-06-24,2.43
3367,cash,4502,0,10840,2008-04-05,2010-04-10,2.03
3367,other,10203,0,11805,2000-03-20,2001-08-10,3.22
3367,cash,13112,0,10487,2000-06-09,2002-12-08,2.5
3367,other,12242,1,10939,2001-03-08,2002-10-19,0.76
3367,home,5069,1,11930,2014-05-03,2016-11-19,5.87
3367,other,2994,1,10913,2014-02-14,2016-11-08,4.85
3367,home,1738,1,10922,2011-01-15,2012-06-22,2.19
3367,credit,9126,0,10178,2003-09-04,2005-05-18,0.97
3367,credit,6932,0,11631,2000-04-05,2002-05-07,3.75
4734,credit,5949,0,10907,2013-09-07,2015-11-30,0.47
4734,other,9784,1,11382,2000-06-12,2002-12-29,3.62
4734,other,10998,1,11093,2008-01-15,2010-05-09,0.79
4734,other,12903,1,11251,2009-07-22,2011-04-10,1.52
4734,credit,2531,0,10791,2007-10-10,2009-03-02,0.28
4734,other,4386,1,10347,2010-09-26,2013-05-18,3.32
4734,credit,3177,0,10993,2008-03-22,2009-08-25,1.14
4734,cash,9513,1,10008,2011-12-06,2014-02-14,2.22
4734,home,6946,0,11847,2009-07-14,2011-03-20,1.41
4631,cash,6265,1,11581,2009-02-26,2011-06-27,3.0
4631,cash,10199,1,11725,2012-04-14,2014-08-29,0.88
4631,home,1747,0,10666,2012-01-07,2013-12-20,4.59
4631,credit,13384,1,11896,2001-09-07,2003-09-20,4.29
4631,home,3579,0,11567,2010-11-27,2012-12-31,3.92
4631,credit,8685,0,10964,2013-10-17,2015-05-21,5.56
4631,other,10973,1,10232,2006-06-26,2008-12-16,0.47
4631,credit,757,0,10904,2008-04-11,2009-09-01,4.29
4631,cash,895,0,10377,2010-04-18,2011-12-04,1.01
4443,home,2417,0,11933,2013-11-03,2016-03-02,12.47
4443,cash,7046,0,10260,2012-05-18,2014-01-07,5.17
4443,cash,10668,0,11306,2014-08-20,2016-07-07,0.62
4443,cash,13612,0,11766,2013-07-05,2015-10-14,4.39
4443,cash,13730,0,11365,2008-04-12,2009-10-02,2.08
4443,credit,3498,0,11680,2012-10-05,2015-03-04,0.58
4443,credit,6025,0,11811,2013-06-04,2015-03-28,2.06
4443,credit,3657,0,11044,2010-12-13,2013-06-17,2.67
4443,home,9839,0,10215,2014-10-04,2016-08-06,2.76
4443,other,3991,0,11735,2012-01-07,2013-05-31,4.46
4443,cash,14761,0,11592,2000-04-14,2002-02-11,2.15
4443,home,6754,0,10817,2008-02-06,2009-07-24,1.92
4443,other,5864,0,10918,2008-11-10,2010-08-04,0.6
3802,home,10111,0,11705,2000-07-23,2002-07-11,0.35
3802,home,9361,1,11977,2008-07-07,2011-01-02,2.91
3802,home,14527,0,11656,2010-06-17,2012-10-22,2.12
3802,home,1264,0,11477,2010-11-16,2013-04-27,1.65
3802,cash,6344,1,11057,2009-10-08,2011-03-20,2.91
3802,home,8421,1,11826,2008-07-21,2010-04-11,3.15
3802,credit,9360,0,10141,2013-05-07,2015-09-22,2.57
3802,home,6444,1,11326,2004-11-03,2006-08-19,1.18
3802,home,6761,1,10656,2014-03-04,2016-04-20,2.5
3802,cash,2268,1,11752,2004-07-27,2006-03-01,2.72
2155,other,5554,0,10287,2001-08-26,2003-07-04,1.02
2155,other,7475,0,10689,2010-03-07,2011-10-22,0.94
2155,home,3138,0,11084,2013-12-03,2016-07-13,0.62
2155,home,8804,0,11714,2010-11-19,2012-10-02,5.79
2155,other,10229,0,11919,2014-10-04,2017-05-24,0.84
2155,credit,10628,1,11232,2010-10-12,2013-06-11,3.73
2155,other,1051,1,11082,2004-06-08,2006-05-23,3.85
2155,home,8656,1,10098,2001-08-17,2004-05-09,2.27
2155,home,11908,1,11625,2010-10-04,2012-07-23,3.22
2155,home,6577,1,10728,2007-09-23,2010-02-01,4.6
2155,home,7343,1,10231,2013-01-14,2015-03-04,1.79
2155,credit,14985,0,11520,2009-07-04,2012-03-06,8.07
3074,other,12483,1,10310,2009-05-03,2011-12-21,0.02
3074,other,7902,1,10102,2010-03-05,2012-06-11,0.58
3074,home,12844,0,11981,2009-10-16,2012-03-27,0.51
3074,other,2541,1,10502,2014-04-17,2016-01-22,0.02
3074,cash,2418,0,10938,2014-06-12,2016-10-01,1.79
3074,cash,12838,0,11437,2006-02-20,2008-06-23,4.21
3074,home,3948,1,11017,2007-05-08,2009-06-07,5.52
3074,cash,3259,1,10077,2008-11-16,2010-06-13,4.24
3074,cash,3043,1,11217,2000-07-04,2002-05-04,4.6
3074,home,1794,1,10686,2012-01-20,2014-02-21,3.28
4513,credit,6615,1,10153,2006-05-03,2008-07-20,0.55
4513,home,11809,1,10384,2000-11-06,2002-04-25,2.42
4513,credit,9694,0,10228,2005-07-20,2007-10-16,11.52
4513,home,7343,0,10034,2004-03-27,2006-08-22,0.43
4513,credit,7105,1,10296,2014-04-08,2016-01-19,0.09
4513,cash,8012,1,11047,2002-09-16,2005-05-29,1.7
4513,other,3626,1,10499,2011-12-09,2013-10-27,0.24
4513,other,3283,0,11672,2014-01-26,2016-03-14,2.27
4513,other,14836,0,10021,2004-10-20,2007-05-02,8.49
3120,cash,8704,1,10648,2006-06-24,2008-12-03,1.27
3120,home,1311,1,10423,2004-02-05,2005-12-29,5.11
3120,home,13871,1,10361,2013-02-10,2014-08-16,0.92
3120,other,4036,1,11408,2012-08-20,2014-04-06,0.45
3120,cash,12667,0,10040,2000-05-27,2002-10-15,5.66
3120,home,8626,1,10829,2011-03-17,2013-01-01,3.14
3120,credit,4652,1,11877,2002-02-03,2003-07-10,2.38
3711,other,8427,1,11558,2006-08-22,2009-03-12,1.0
3711,credit,12098,1,10112,2011-05-20,2013-10-27,1.41
3711,home,12646,0,11518,2005-09-01,2008-02-22,2.31
3711,home,13823,0,10349,2012-10-07,2014-03-25,1.68
3711,credit,6440,1,11994,2006-10-18,2009-03-24,2.56
3711,home,2308,1,10664,2004-02-18,2005-08-28,0.43
3711,credit,6820,1,10557,2013-07-15,2016-02-26,6.01
3711,credit,12836,1,10073,2004-03-24,2006-07-10,0.23
3711,other,10472,0,11614,2001-07-27,2003-10-30,5.42
3711,credit,3726,1,11169,2004-10-04,2006-07-12,0.79
3711,cash,3995,0,10759,2005-11-09,2008-02-03,4.81
3711,cash,7627,1,10651,2008-04-16,2010-04-22,0.14
3916,home,13409,1,10265,2012-04-27,2014-12-29,5.49
3916,cash,12454,0,10457,2011-06-14,2013-11-05,4.13
3916,other,5099,0,10281,2012-05-02,2014-04-23,3.46
3916,credit,5055,1,11127,2002-11-05,2004-10-01,0.48
3916,credit,14673,0,11011,2009-01-24,2010-11-18,0.76
3916,cash,8693,0,11954,2012-11-21,2015-02-01,8.12
3916,credit,3423,1,11555,2001-01-04,2003-05-10,0.72
3916,other,9992,0,11611,2012-10-12,2014-02-27,6.12
3916,cash,12952,1,11205,2007-02-04,2008-07-08,3.89
3916,other,8562,1,11355,2013-03-10,2015-11-10,0.22
3916,other,544,1,11288,2012-08-25,2014-05-28,4.1
4624,credit,12908,1,11951,2009-01-22,2010-08-08,2.35
4624,credit,6525,0,10539,2007-03-27,2008-08-19,0.15
4624,credit,14081,1,10018,2006-06-15,2008-01-28,3.85
4624,home,12082,0,10471,2012-03-11,2014-10-13,1.7
4624,credit,2988,1,11916,2001-01-06,2003-03-21,0.58
4624,home,14962,1,10254,2012-06-13,2014-06-10,5.94
4624,home,11517,0,10305,2012-01-14,2014-09-21,3.65
4624,other,14777,0,10301,2010-08-26,2012-10-08,4.22
2263,credit,11721,1,11090,2006-02-08,2007-07-07,4.87
2263,home,6033,1,11720,2004-01-11,2006-09-18,1.34
2263,cash,767,1,11374,2010-03-14,2012-08-18,0.9
2263,credit,11011,1,11420,2011-11-09,2013-09-01,2.12
2263,cash,13332,1,10282,2012-02-22,2013-12-31,0.19
2263,home,6524,0,11532,2005-11-22,2008-01-05,0.84
2263,home,10909,1,10990,2006-11-10,2009-06-16,3.63
2263,cash,13307,0,11366,2008-08-01,2010-12-29,0.35
2979,home,7287,1,10444,2002-03-16,2004-03-24,0.11
2979,credit,6867,0,10251,2009-11-06,2012-07-03,0.05
2979,other,4842,0,10578,2013-09-02,2016-01-08,2.12
2979,home,2224,1,11568,2006-01-02,2008-08-23,2.45
2979,credit,7652,1,10794,2013-07-01,2015-09-14,2.39
2979,other,4923,0,10389,2008-02-07,2010-05-29,2.26
3416,cash,6336,1,10470,2003-02-22,2005-07-23,5.48
3416,other,7404,0,10264,2014-04-02,2016-05-02,2.71
3416,credit,13553,0,10425,2003-12-07,2006-04-27,5.85
3416,cash,7691,0,10340,2010-09-08,2013-05-18,3.77
3416,credit,11776,1,10121,2014-04-25,2016-01-29,1.08
3416,credit,12773,1,10940,2014-03-27,2016-03-17,5.36
3416,credit,1728,0,11502,2010-04-19,2012-10-22,1.92
2486,other,12639,1,11910,2006-07-01,2008-11-10,1.22
2486,other,5556,0,10944,2002-07-27,2004-03-12,0.4
2486,other,6026,0,11773,2006-06-17,2008-04-16,0.14
2486,credit,11697,1,10002,2006-11-21,2009-02-15,3.45
2486,other,14182,1,11054,2009-03-15,2010-10-01,1.72
2486,cash,4878,1,11799,2011-10-26,2013-08-02,2.17
2486,cash,10138,1,11582,2014-04-24,2016-08-15,1.76
3977,other,11624,1,11064,2012-08-03,2015-02-01,2.33
3977,credit,8297,0,10190,2012-04-27,2014-11-20,4.61
3977,home,14104,1,10845,2013-11-09,2016-07-29,1.89
3977,credit,1538,1,11046,2003-09-08,2005-06-11,0.23
3977,home,12448,1,11947,2014-07-22,2016-07-29,1.89
3977,credit,8736,1,10954,2010-12-24,2012-06-20,3.97
3977,credit,9078,0,10481,2013-10-12,2016-03-17,4.9
3977,home,2958,1,10142,2006-09-15,2008-11-08,3.45
3543,other,13453,1,10650,2007-08-09,2009-04-03,1.69
3543,cash,11796,0,11854,2010-08-16,2012-02-28,2.9
3543,other,11989,0,11381,2007-05-10,2009-04-02,8.03
3543,other,11567,1,11923,2004-01-07,2006-03-22,2.32
3543,cash,2994,1,11915,2012-12-19,2014-12-17,0.75
3543,home,9513,1,10033,2012-07-12,2014-08-17,0.92
3543,home,14785,1,10027,2014-02-19,2016-07-02,3.69
3543,cash,11511,0,11026,2000-08-03,2002-05-04,1.84
3543,home,13632,0,10218,2007-05-07,2010-01-07,3.42
2875,cash,11195,1,10031,2000-11-24,2002-08-05,4.05
2875,home,9125,0,11052,2001-10-27,2004-01-17,6.54
2875,credit,2379,1,10790,2013-01-14,2014-06-03,2.4
2875,cash,6562,0,11503,2006-05-23,2008-01-12,1.99
2875,home,7042,0,10713,2010-09-12,2012-07-14,1.78
2875,other,4982,1,11378,2011-10-20,2014-01-16,6.41
2875,credit,6763,1,11677,2000-07-23,2003-02-02,3.31
2875,cash,13299,0,11097,2013-06-15,2014-11-13,2.64
2031,other,851,1,10438,2013-06-21,2015-09-12,0.48
2031,credit,13174,0,11589,2004-03-08,2005-11-19,1.95
2031,home,1392,0,10460,2010-07-17,2012-11-29,1.28
2031,home,772,0,10828,2006-03-10,2008-01-12,6.04
2031,other,1289,1,10182,2001-01-06,2003-07-20,3.83
2031,other,11439,0,11219,2007-02-18,2008-07-21,5.88
2031,credit,9279,0,10284,2003-02-17,2005-01-08,0.6
2031,other,13975,0,10441,2006-12-21,2009-08-27,3.52
2031,home,7102,0,11936,2000-05-24,2002-01-07,1.17
2031,cash,13840,0,11397,2009-01-16,2011-01-18,2.42
2822,home,14732,1,11541,2013-05-14,2015-05-07,6.17
2822,other,12492,0,10348,2007-12-01,2009-09-28,5.09
2822,home,12156,1,10156,2005-08-05,2008-02-14,8.34
2822,credit,1302,1,11121,2000-04-17,2001-12-30,2.84
2822,cash,6702,1,10641,2010-04-06,2011-10-15,2.02
2822,other,6130,1,10479,2009-06-14,2011-05-13,5.62
2822,cash,1566,0,10382,2012-12-19,2015-07-04,2.71
3729,other,8926,1,11125,2004-09-05,2006-02-08,2.63
3729,home,13387,0,11449,2013-11-15,2016-07-12,7.22
3729,other,2509,0,11370,2007-06-11,2008-11-21,7.11
3729,credit,11208,1,10297,2012-10-26,2015-01-04,0.33
3729,home,1405,0,10742,2007-09-13,2009-09-22,12.46
3729,home,1585,0,10729,2001-12-03,2003-06-03,1.38
3729,other,2662,1,11885,2005-02-12,2006-08-14,1.56
3729,home,4625,1,10134,2014-01-14,2016-03-16,0.17
2229,cash,1242,0,11425,2013-03-17,2015-02-11,7.37
2229,other,12146,1,11747,2002-03-07,2004-11-22,0.04
2229,other,11248,0,10447,2011-02-22,2013-01-23,2.15
2229,other,8129,1,11612,2006-09-27,2009-05-22,1.6
2229,cash,3314,0,10275,2012-07-13,2015-04-08,5.09
2229,other,11023,0,10099,2006-05-02,2008-04-21,3.84
2229,cash,3324,1,11138,2011-04-18,2012-09-15,4.39
2229,credit,3234,0,11184,2010-01-18,2012-09-05,0.49
2716,cash,10559,0,11181,2009-10-25,2011-08-11,8.56
2716,credit,4041,0,11729,2007-09-24,2009-10-24,0.67
2716,credit,2336,1,11786,2008-04-08,2010-10-28,0.35
2716,home,4577,0,11134,2013-05-22,2015-11-29,0.72
2716,other,7470,1,11903,2003-11-08,2006-01-10,0.8
2716,cash,3891,0,11778,2000-04-27,2002-07-02,0.08
2716,cash,6612,0,11116,2006-08-23,2008-05-05,11.45
2716,cash,864,1,11264,2014-07-21,2016-10-21,2.34
4466,home,10283,0,11466,2006-11-01,2008-05-30,2.75
4466,other,7989,1,10113,2005-09-07,2008-04-23,3.79
4466,cash,7499,0,11949,2001-06-23,2003-09-14,4.73
4466,home,12262,0,10213,2008-05-23,2010-09-05,3.42
4466,home,11497,0,10185,2005-03-14,2007-02-16,2.74
4466,credit,12784,0,11902,2006-03-06,2007-11-07,4.3
3469,other,13367,0,11599,2006-10-14,2008-10-08,7.05
3469,home,7342,0,11473,2001-08-19,2004-05-04,7.65
3469,credit,2623,1,10793,2012-04-20,2014-02-22,3.33
3469,credit,8145,0,11392,2011-03-17,2013-03-14,2.0
3469,other,4690,0,11596,2000-04-01,2002-12-22,2.27
3469,cash,2996,0,10397,2013-08-15,2015-12-27,4.27
3469,other,5875,0,10500,2002-11-24,2004-05-10,2.07
3469,credit,13748,0,10573,2005-01-24,2006-12-19,1.61
3469,other,14373,1,11821,2001-08-20,2004-02-21,7.65
2700,credit,9902,0,11371,2010-07-10,2011-12-08,7.58
2700,other,3662,1,10437,2008-10-13,2010-05-19,1.39
2700,credit,6132,1,10898,2014-12-11,2017-02-05,1.7
2700,credit,12493,0,11487,2006-02-23,2008-10-06,0.46
2700,cash,10709,0,11193,2002-01-05,2003-11-20,3.22
2700,cash,5902,0,11666,2002-11-17,2004-08-16,7.15
2700,other,8533,1,10048,2009-09-27,2011-06-06,4.53
2700,home,13878,1,11092,2001-03-02,2003-02-19,2.89
2700,credit,13598,0,11988,2003-10-12,2005-08-22,1.08
2396,credit,5932,1,11945,2014-09-26,2016-10-04,6.82
2396,credit,12574,0,11659,2008-06-04,2011-02-15,2.54
2396,cash,5452,0,11224,2007-02-05,2009-01-02,1.86
2396,other,5163,1,10634,2011-11-20,2013-09-26,4.77
2396,cash,13661,0,10926,2010-05-12,2012-04-02,0.11
2396,credit,12810,1,10392,2004-10-10,2006-07-23,1.2
2396,other,14396,1,10082,2002-04-07,2004-06-18,0.19
2396,home,1321,0,10486,2000-12-01,2002-12-13,1.43
2396,cash,5974,0,10146,2002-07-23,2004-04-03,0.35
2503,cash,11829,0,10867,2002-06-27,2004-12-09,2.63
2503,credit,1231,0,11913,2002-03-17,2003-12-31,4.71
2503,home,4247,0,11855,2001-05-02,2002-12-05,6.99
2503,cash,14550,0,10999,2007-07-15,2009-05-10,0.17
2503,other,1333,1,11941,2007-09-20,2009-08-06,6.83
2245,credit,4720,1,11879,2007-05-09,2009-12-27,5.22
2245,credit,13342,1,11094,2012-12-10,2015-08-25,1.91
2245,cash,12816,1,11347,2012-08-01,2014-08-09,4.57
2245,other,11868,0,10207,2006-11-23,2009-05-30,2.47
2245,credit,8776,1,10711,2001-11-26,2003-09-11,2.85
2245,other,3239,1,11234,2007-08-27,2009-04-22,0.71
2245,cash,7489,1,10343,2010-11-03,2012-12-31,1.2
2245,other,13729,1,11359,2003-11-03,2005-06-18,2.07
2224,other,3467,0,11763,2002-10-22,2005-05-07,1.34
2224,home,7093,0,11775,2007-09-24,2009-10-22,2.35
2224,cash,13421,0,10576,2001-09-14,2003-09-20,2.33
2224,credit,6919,0,10183,2013-05-19,2015-09-15,1.19
2224,cash,9448,1,10076,2001-03-01,2002-11-01,3.08
2963,credit,5487,1,11118,2006-03-10,2008-09-12,1.14
2963,credit,7321,1,10545,2006-02-03,2007-06-23,2.23
2963,home,1663,0,10635,2010-10-10,2012-03-08,7.16
2963,home,13700,1,11110,2014-12-03,2016-09-07,2.05
2963,other,14759,1,11957,2012-10-26,2014-05-27,1.33
4831,credit,3417,1,10375,2000-09-11,2003-03-19,3.37
4831,other,5509,1,11414,2005-10-09,2007-07-30,3.55
4831,credit,7036,1,10316,2012-04-23,2014-04-02,4.8
4831,home,7691,1,11101,2000-12-09,2002-12-27,2.24
4831,other,14207,0,11692,2010-04-01,2012-08-21,4.48
4831,cash,11105,0,11346,2014-01-13,2015-12-17,0.65
4831,home,13027,1,10268,2005-03-24,2006-10-02,0.15
2726,other,11255,0,11544,2002-03-16,2004-02-04,2.52
2726,cash,8928,1,11409,2008-06-26,2010-08-03,4.68
2726,credit,3019,0,10209,2013-02-14,2015-10-23,11.11
2726,other,9203,1,10094,2001-10-14,2003-06-25,2.33
2726,cash,13176,0,10705,2004-02-27,2006-07-25,1.69
2726,credit,11418,1,10838,2005-09-03,2007-07-23,1.86
2726,credit,10714,0,10792,2014-10-08,2016-08-01,5.94
2726,other,6202,1,10359,2006-02-04,2008-07-19,4.75
4518,home,10119,0,11645,2000-03-27,2002-08-04,6.71
4518,other,12930,1,11756,2009-01-15,2011-08-29,8.7
4518,cash,9464,1,11511,2013-12-01,2015-05-18,0.07
4518,credit,8274,0,11975,2014-04-02,2016-02-12,2.84
4518,other,5381,1,11315,2004-03-18,2006-03-03,0.52
4518,credit,6798,0,10625,2002-08-16,2004-04-21,2.59
4327,other,9791,0,11739,2003-11-17,2006-06-23,1.84
4327,cash,6433,0,10574,2008-08-24,2010-03-14,0.52
4327,home,1172,0,11214,2003-06-10,2005-06-06,2.49
4327,credit,5407,1,11187,2005-09-22,2007-06-24,1.39
4327,credit,14042,1,10878,2009-02-14,2010-08-13,2.91
4327,cash,13818,0,11034,2013-02-16,2014-11-04,4.41
4327,other,9570,1,11088,2014-01-16,2015-06-27,1.16
2350,cash,2384,1,11827,2013-12-13,2015-12-13,0.12
2350,home,14500,1,10619,2000-10-21,2003-06-18,3.64
2350,other,3688,1,11283,2008-02-24,2010-04-21,3.4
2350,credit,12513,0,10541,2011-05-14,2013-10-02,9.67
4858,cash,10996,1,11176,2002-09-24,2004-08-27,2.77
4858,other,10419,0,10508,2010-08-23,2012-03-21,3.28
4858,home,14776,1,10912,2009-03-24,2011-09-16,1.51
4858,home,14004,0,11924,2012-03-08,2014-06-08,3.48
4858,other,9050,0,10116,2014-01-18,2015-06-13,0.46
4858,credit,9789,1,11027,2000-12-07,2003-07-04,0.26
4858,home,2675,0,11040,2010-12-01,2012-05-12,6.18
4858,credit,2089,1,11836,2000-08-15,2002-09-17,6.65
3100,home,4764,1,10615,2000-01-09,2002-04-15,4.26
3100,cash,1870,1,11929,2003-03-13,2004-09-20,4.66
3100,cash,4718,1,11878,2000-03-21,2002-03-31,1.92
3100,cash,4448,0,11679,2012-05-06,2014-02-23,0.51
3100,credit,3680,1,11332,2003-03-17,2005-03-13,6.79
3100,credit,8542,0,11968,2004-05-26,2006-03-01,4.39
3100,cash,13306,1,10302,2009-01-09,2011-09-29,7.74
3100,other,2840,1,11727,2005-11-18,2007-04-10,1.74
3559,credit,12339,0,11529,2003-10-09,2005-12-03,1.96
3559,home,13233,1,10850,2009-12-10,2012-06-30,0.29
3559,credit,14744,0,10533,2013-08-03,2015-09-24,1.33
3559,home,5668,1,11958,2009-07-15,2011-05-23,0.57
3559,other,14688,1,10995,2001-12-19,2003-12-08,2.34
3559,other,4748,0,10853,2010-09-16,2012-07-02,6.12
3559,credit,8048,1,11367,2006-12-21,2008-11-19,1.63
3559,home,2665,0,10129,2006-03-11,2007-10-02,6.44
3559,home,7485,0,11519,2014-07-14,2017-03-08,4.44
3559,other,8421,1,10455,2003-02-06,2005-01-05,3.07
2990,other,8877,1,11566,2000-09-02,2002-01-30,0.14
2990,credit,3541,1,11042,2006-11-08,2009-02-25,2.44
2990,credit,14564,1,10014,2006-06-07,2008-02-24,0.35
2990,home,13179,0,11274,2002-02-19,2004-02-12,0.69
2990,credit,12989,0,11676,2007-08-01,2009-12-14,6.53
2990,cash,14069,0,10276,2003-08-02,2006-03-25,4.68
2990,home,14781,1,10727,2008-11-23,2011-01-11,5.94
2990,home,14143,1,10440,2002-09-04,2004-12-16,5.87
2990,cash,12401,1,10548,2007-03-26,2009-10-10,0.91
2990,home,2105,0,11249,2010-03-03,2012-05-20,2.26
2990,cash,3572,0,11228,2000-06-12,2002-12-31,0.24
2990,cash,5224,0,10781,2000-11-25,2002-09-15,9.9
2990,home,13412,1,10488,2000-12-05,2003-06-16,1.6
2990,credit,7208,0,10516,2001-07-18,2003-08-11,6.04
4788,other,14530,1,10074,2012-10-12,2014-08-11,3.77
4788,home,2700,1,10326,2010-12-24,2013-06-05,1.08
4788,cash,10859,0,10911,2003-07-11,2005-05-15,1.48
4788,credit,1208,1,10088,2005-12-01,2007-08-23,0.93
4788,credit,4392,1,11790,2001-02-26,2003-03-10,1.0
4788,credit,9879,1,11633,2014-10-23,2016-09-29,6.65
4788,other,12351,0,11331,2006-01-03,2007-08-06,2.95
4788,home,3946,0,11719,2011-01-12,2012-08-23,0.98
4788,other,6726,1,10320,2003-11-18,2006-02-25,3.0
2802,cash,8649,1,10600,2000-01-11,2002-04-26,1.69
2802,other,10463,1,11233,2003-09-06,2006-02-16,1.35
2802,other,890,1,11196,2008-11-25,2011-08-11,1.23
2802,home,5423,0,11083,2013-07-03,2016-03-06,0.56
2802,other,11587,1,10935,2010-01-16,2012-09-02,1.66
2802,cash,11608,1,11323,2014-11-25,2016-08-25,2.31
3204,other,10523,0,10131,2009-08-16,2011-06-21,2.01
3204,home,1785,1,10661,2001-07-13,2003-07-27,2.64
3204,home,3672,1,11106,2000-07-21,2002-01-19,5.67
3204,cash,10318,0,11431,2014-08-16,2016-11-13,0.91
3204,credit,12262,0,11189,2002-11-02,2004-08-30,1.27
3305,other,6387,0,11873,2004-04-04,2006-03-08,2.73
3305,cash,14304,1,11170,2013-07-20,2015-06-14,0.03
3305,other,13369,0,11199,2014-05-18,2016-10-19,4.66
3305,home,7475,0,10902,2013-07-20,2014-12-26,5.71
3305,credit,7415,1,11218,2013-11-07,2015-12-14,1.23
3305,home,10171,1,10157,2001-09-11,2003-02-05,0.42
3895,other,11475,1,11900,2008-05-21,2009-11-18,2.6
3895,cash,5739,0,11238,2007-04-18,2008-11-11,0.87
3895,credit,2817,1,11629,2001-07-09,2003-12-17,5.17
3895,credit,6939,1,11418,2007-01-06,2009-05-26,4.42
3895,cash,5554,0,10928,2007-01-01,2009-08-11,3.88
3895,cash,3163,0,11574,2004-08-22,2006-01-08,4.1
3895,home,3109,1,11252,2001-11-20,2003-11-30,5.08
2447,cash,10116,0,10285,2014-12-03,2016-07-13,2.63
2447,home,14986,1,11983,2005-04-05,2007-09-01,10.16
2447,cash,8773,1,10222,2001-01-08,2003-01-30,3.66
3247,credit,12611,1,11098,2003-11-09,2005-04-12,1.48
3247,other,12275,0,11329,2006-08-09,2009-01-26,0.22
3247,other,8850,1,10546,2003-06-10,2004-11-28,0.67
3247,home,7101,1,10617,2011-07-09,2013-07-09,0.74
3247,credit,14006,1,11124,2009-12-25,2011-06-01,3.95
3247,credit,8696,1,11157,2008-02-01,2009-11-21,1.87
3247,home,14420,1,11417,2012-08-27,2014-12-01,2.81
2363,home,4007,1,10986,2001-10-01,2003-11-09,4.91
2363,other,3353,1,10934,2014-12-19,2017-03-31,1.5
2363,other,6156,0,10511,2006-09-21,2008-06-16,4.57
2363,cash,4656,0,10072,2003-09-26,2005-10-26,0.72
4522,cash,5985,0,11545,2007-05-15,2009-04-21,1.13
4522,home,5992,1,10889,2005-10-05,2007-10-28,1.83
4522,credit,2320,0,10551,2010-12-03,2012-10-13,1.1
4522,cash,3403,0,10814,2008-11-16,2011-07-01,6.57
4522,other,5480,0,10292,2004-09-16,2006-11-08,5.15
3567,credit,6698,0,10364,2010-05-26,2012-07-03,3.36
3567,cash,8430,1,10036,2001-09-22,2003-11-28,0.94
3567,cash,14947,0,11937,2001-10-02,2004-04-30,1.54
3567,home,12137,0,11456,2005-05-05,2006-12-17,2.43
3567,home,5549,0,10559,2007-01-10,2008-07-17,3.05
3567,credit,558,1,10695,2005-08-27,2007-11-05,4.53
3567,credit,6117,1,10176,2000-04-03,2002-05-09,3.44
3567,home,5622,0,10978,2001-08-13,2004-02-08,4.36
3159,cash,7703,0,10078,2005-01-22,2007-08-22,3.75
3159,home,11730,1,11694,2012-10-23,2014-11-18,1.02
3159,home,7279,0,10776,2002-05-16,2004-06-21,1.88
3159,other,2934,1,10047,2012-11-16,2015-03-13,5.62
3159,other,6845,0,10750,2006-01-15,2008-05-19,0.2
2258,cash,8610,1,10456,2007-09-16,2009-07-29,5.82
2258,credit,11182,0,10448,2011-02-12,2013-10-27,2.02
2258,home,5489,0,10469,2006-05-10,2007-12-18,3.81
2258,cash,6168,0,10491,2011-10-21,2013-06-21,5.23
2258,other,4629,1,11419,2012-04-08,2014-12-18,3.04
2258,other,14087,1,11542,2006-08-13,2008-02-25,3.44
4803,home,12662,1,11080,2012-11-23,2014-08-12,3.07
4803,home,5539,0,11451,2013-01-03,2014-12-02,3.38
4803,credit,14380,1,10324,2006-04-27,2007-10-08,2.52
4803,credit,9892,1,10086,2007-11-02,2009-07-05,5.16
4803,credit,517,1,10311,2006-05-27,2008-10-27,5.98
4803,cash,8360,1,11651,2010-11-08,2012-12-10,3.14
4803,cash,1171,1,10506,2013-12-09,2015-11-09,4.38
4828,other,4016,1,11435,2000-11-21,2003-08-09,4.59
4828,home,500,1,11749,2000-06-27,2002-07-08,1.09
4828,credit,13130,0,11593,2012-03-17,2013-08-28,5.66
2552,cash,13512,0,10638,2000-02-04,2001-08-23,10.92
2552,cash,6496,1,11791,2014-01-03,2015-09-10,10.79
2552,other,9139,0,11506,2013-11-22,2015-10-23,1.35
2552,credit,2943,1,10463,2005-05-03,2006-12-19,5.78
2552,cash,4453,1,10475,2008-03-09,2010-08-15,2.99
2552,credit,9165,0,10414,2005-05-10,2007-07-14,3.82
3617,other,14342,1,10778,2000-09-17,2002-06-03,3.96
3617,home,2902,1,10957,2007-08-02,2009-01-18,7.6
3617,home,795,0,11115,2012-04-07,2014-01-01,1.36
3617,credit,4418,0,10917,2010-05-07,2012-05-24,1.97
3617,other,3754,0,11007,2003-01-08,2005-07-20,2.38
2470,home,541,0,10931,2002-04-15,2003-10-01,5.88
2470,cash,4250,0,11297,2001-09-10,2004-03-21,2.73
2470,home,7577,1,10169,2006-04-10,2007-12-22,3.5
2470,credit,8226,0,11254,2010-11-04,2013-02-04,7.92
2708,other,4648,1,10415,2013-11-09,2016-02-11,2.5
2708,cash,3100,1,10575,2010-09-06,2012-09-08,0.03
2708,cash,13851,1,10114,2014-09-18,2016-03-03,2.03
2708,home,4926,1,11461,2010-04-18,2012-03-23,1.21
2708,other,13635,0,10521,2010-05-17,2012-09-18,1.54
2708,credit,5724,1,10323,2010-12-23,2013-06-26,2.03
2593,cash,14294,0,11764,2001-01-03,2002-08-30,4.13
2593,credit,3968,1,10492,2000-08-11,2003-01-29,1.2
2593,other,4205,0,11363,2002-12-05,2004-05-16,0.94
2593,cash,12868,0,11587,2007-03-18,2009-08-01,1.4
3072,cash,1991,0,11750,2009-06-25,2010-11-28,7.15
3072,credit,14960,0,11006,2007-11-19,2010-02-13,2.26
3072,cash,12225,0,10833,2003-03-21,2005-06-18,1.21
3072,credit,3364,0,10467,2007-10-19,2009-06-02,2.46
3072,cash,11470,1,11619,2005-12-23,2007-12-09,7.2
3072,other,7117,0,10642,2006-12-22,2009-04-08,2.15
3072,credit,13285,0,10906,2011-03-02,2013-06-25,1.48
3072,home,12914,0,10704,2009-12-01,2012-08-14,2.79
3579,credit,7388,1,10631,2006-03-24,2007-08-07,0.51
3579,other,7087,0,10293,2006-11-08,2008-11-09,1.67
3329,credit,14410,1,10765,2011-04-12,2013-06-05,1.18
3329,cash,6736,1,10443,2008-01-25,2009-09-25,0.14
3329,cash,14533,0,11743,2005-05-24,2007-02-01,3.28
3329,other,4851,0,11961,2005-12-03,2008-04-04,4.4
3329,other,7497,1,10203,2007-09-23,2009-04-27,5.59
3329,cash,9372,1,11342,2002-11-27,2005-04-07,7.07
3329,cash,9380,0,10246,2009-09-18,2011-09-24,6.25
4128,credit,10890,1,10263,2005-08-26,2008-05-03,3.24
4128,home,10139,1,11253,2006-08-07,2008-03-09,3.33
4128,cash,10289,0,10111,2010-05-08,2012-08-11,8.92
4128,credit,5039,0,10968,2003-06-02,2005-12-07,4.5
4128,home,6867,1,11003,2011-01-27,2013-06-26,1.01
4128,credit,3442,0,10066,2000-07-21,2002-08-20,2.8
4128,credit,6857,0,11837,2006-06-13,2008-09-18,8.35
4567,other,3820,0,11591,2000-03-18,2002-11-01,1.52
4567,credit,13559,0,10991,2002-06-24,2004-06-19,5.32
4567,credit,4243,1,10164,2006-09-27,2008-06-04,1.27
4567,cash,11472,1,10335,2006-09-07,2008-06-14,2.01
4390,other,9713,0,10586,2006-08-02,2009-04-08,7.3
4390,other,7037,1,11513,2012-09-04,2014-07-30,6.6
4390,other,2683,1,11450,2004-06-11,2006-01-03,1.75
4799,credit,11728,1,11655,2006-04-21,2008-11-08,8.21
4799,home,9764,0,11627,2012-03-07,2013-12-19,4.28
4799,home,14023,0,11613,2007-02-13,2008-06-28,3.28
4799,home,2604,0,11922,2013-08-05,2016-04-08,2.06
4799,home,12949,1,11263,2004-07-26,2006-07-11,1.0
4799,other,5171,0,10214,2009-04-06,2010-11-28,5.27
4799,home,14659,0,10684,2001-07-08,2003-11-11,3.73
3234,cash,14864,1,10149,2013-09-16,2016-02-28,1.98
3234,other,5487,0,10050,2014-05-11,2016-01-01,7.29
3234,cash,11176,1,11824,2008-04-21,2010-05-24,1.58
3234,home,8680,1,10941,2003-06-08,2004-11-16,3.21
3234,credit,3292,0,10677,2002-11-19,2004-11-07,0.92
3967,home,10171,1,10724,2000-01-06,2001-06-03,1.42
3967,credit,2853,0,10597,2003-07-04,2005-09-04,4.93
3967,credit,12247,0,10144,2012-12-24,2014-06-26,0.78
3967,cash,11941,1,10339,2011-08-26,2013-06-22,1.76
3967,credit,12132,1,11445,2001-12-03,2003-08-25,0.44
3967,cash,2727,1,11516,2007-10-06,2009-10-19,1.65
3967,home,13802,0,11201,2002-02-17,2004-09-02,0.15
4340,other,3325,0,11505,2001-09-24,2003-10-09,1.67
4340,credit,6848,1,11203,2008-07-02,2011-01-23,2.64
4340,other,13578,1,10822,2001-03-27,2003-08-06,2.77
4340,cash,1770,1,11438,2013-12-01,2016-05-13,7.15
4340,credit,4982,1,10466,2005-11-10,2008-01-15,0.82
4340,home,7258,0,11158,2006-11-26,2009-04-01,1.96
3058,credit,6254,1,11787,2001-10-09,2003-07-21,10.66
3058,other,7445,1,10331,2011-06-08,2014-02-14,3.61
3058,cash,12644,0,10025,2004-09-15,2006-05-16,3.53
3119,credit,8477,1,11141,2004-09-11,2006-10-30,6.27
3119,home,6439,1,10826,2012-12-12,2015-08-05,0.14
3119,other,5336,0,10527,2002-07-15,2004-10-18,1.77
3119,home,5944,1,11867,2006-07-12,2009-03-08,1.28
3119,credit,13042,1,10383,2001-08-14,2003-02-03,0.34
3119,other,7958,1,11608,2005-04-18,2007-12-15,0.98
4581,cash,14580,0,10824,2002-04-02,2004-02-02,0.24
4581,other,3831,1,11660,2001-02-08,2003-08-06,3.12
4581,credit,11000,1,10543,2005-11-22,2007-09-20,1.29
4581,other,10537,0,11726,2001-12-01,2003-10-27,1.14
4581,home,12737,0,11793,2012-03-15,2013-11-01,6.52
3007,home,1504,1,10059,2001-10-02,2004-04-11,5.88
3007,other,8730,0,10403,2005-04-14,2006-11-04,2.64
3007,credit,10767,1,11114,2004-05-12,2006-09-30,2.62
3007,other,6490,0,11163,2013-02-25,2014-07-27,3.39
3007,home,11949,0,11668,2009-06-25,2011-03-20,3.38
3007,credit,8761,0,11243,2003-07-13,2005-05-10,1.23
3007,other,4330,0,11343,2004-10-09,2006-11-26,2.27
3545,other,8840,0,10354,2011-12-23,2013-07-23,3.56
3545,credit,8650,1,10530,2006-01-11,2007-09-12,6.3
3545,home,2201,0,11707,2012-07-25,2014-05-06,3.44
4424,credit,3427,0,10531,2014-06-21,2016-06-24,1.9
4424,credit,1275,0,10550,2011-04-15,2013-07-24,5.83
4424,other,5374,1,10006,2010-06-27,2012-07-20,4.0
3950,home,2846,0,10462,2005-04-20,2007-05-09,0.51
3950,home,10465,1,10366,2003-11-20,2005-08-02,3.29
3950,home,12340,0,10908,2013-06-01,2015-05-22,3.19
3950,other,6544,1,11817,2008-02-25,2010-04-29,1.74
3950,other,3003,1,10526,2001-09-22,2003-07-06,3.67
4244,other,8828,1,11560,2010-12-14,2012-05-19,0.52
4244,credit,14122,0,10901,2005-05-25,2007-03-08,3.37
3015,credit,3971,1,11484,2005-07-17,2007-10-11,1.74
3015,other,12758,1,11972,2001-12-13,2003-12-10,1.37
3015,home,13990,0,11667,2012-01-02,2014-07-22,2.78
3015,home,11752,1,11102,2014-07-08,2016-02-26,3.31
2612,home,6827,0,10186,2014-04-06,2015-11-15,1.58
2612,cash,6028,1,10694,2009-09-02,2011-08-05,2.47
2612,other,1086,0,10137,2011-11-06,2013-06-12,5.73
2612,cash,4322,1,11716,2003-03-27,2005-02-09,6.51
2612,credit,3608,1,10671,2000-01-25,2002-07-09,3.07
2612,cash,12245,1,11683,2002-12-25,2004-09-11,6.13
2612,other,13809,1,10417,2014-07-15,2016-09-10,2.68
2612,other,1691,1,10030,2007-07-02,2009-01-29,1.13
2612,credit,6660,0,10766,2008-12-26,2011-01-04,0.29
2612,home,7531,1,10762,2014-05-23,2016-03-25,5.49
4562,cash,8166,1,11715,2004-03-15,2006-10-19,6.61
4562,home,11737,0,11514,2003-08-23,2005-12-03,6.32
4562,cash,7032,0,11149,2010-06-13,2012-02-19,3.08
4562,credit,3895,1,10712,2006-06-09,2008-06-20,0.4
4562,other,6485,0,10891,2007-03-13,2009-08-11,0.32
2765,credit,10729,1,10844,2003-11-26,2005-06-19,3.92
2765,home,14734,0,10132,2003-06-27,2005-08-19,1.58
2765,credit,9779,1,10225,2011-08-16,2013-03-12,4.9
3026,home,6988,1,10501,2014-04-24,2016-09-09,3.98
3026,credit,14310,1,10855,2005-02-12,2007-06-08,2.99
3026,other,14543,1,11834,2007-02-24,2008-08-30,0.84
3026,credit,10456,0,10763,2014-02-27,2015-08-03,0.31
3026,other,1026,0,10590,2000-07-06,2003-04-01,0.86
3026,home,7144,0,11068,2004-12-04,2006-08-19,1.31
2303,cash,4999,1,10198,2009-12-15,2012-03-16,0.35
2303,credit,14736,0,11009,2009-11-22,2012-03-09,4.05
4927,home,4772,1,11538,2007-09-04,2010-02-21,3.73
4927,credit,11430,0,10291,2004-06-26,2006-01-22,3.12
4927,home,3956,0,10000,2010-09-21,2013-04-04,0.29
4927,cash,1958,1,11460,2002-05-14,2005-01-02,5.45
4927,home,2492,0,11737,2003-03-18,2004-11-01,0.42
3108,other,8562,1,11646,2006-11-14,2008-04-09,4.97
3108,other,9066,0,11757,2008-08-14,2010-01-10,2.08
3108,home,3685,1,10498,2005-09-06,2007-03-05,4.89
3108,cash,11499,0,10422,2012-01-13,2013-10-01,0.58
3108,cash,1641,0,10952,2012-03-04,2013-07-29,0.58
2760,home,8360,0,11120,2014-06-18,2016-12-29,1.87
2760,home,12362,0,11320,2013-12-02,2016-02-07,2.88
2760,other,2930,0,11225,2009-07-11,2011-07-27,2.02
2760,cash,10734,0,10191,2014-04-27,2016-05-18,3.83
2760,other,13917,0,11194,2010-01-17,2011-12-08,2.1
4918,other,9178,0,11352,2004-09-16,2006-10-12,1.18
4918,cash,10379,0,10682,2000-10-08,2002-08-01,1.68
4918,home,5481,0,11607,2000-05-13,2002-08-20,5.15
4918,other,4495,1,11711,2003-04-05,2005-09-15,0.59
4918,credit,7443,1,11603,2008-02-04,2009-10-15,1.12
4918,other,5031,0,11624,2000-04-06,2002-07-26,5.55
4918,credit,10049,0,10860,2003-05-05,2004-10-19,2.02
4918,home,10829,1,10905,2002-06-22,2004-12-09,4.61
4533,home,2446,0,10916,2005-08-03,2007-05-31,0.66
4533,credit,3219,0,10848,2013-04-07,2014-08-31,1.94
4533,cash,2113,1,11377,2011-06-05,2013-09-14,2.44
4533,home,3460,0,11256,2005-09-22,2007-05-03,5.81
2450,home,14947,1,10341,2000-07-25,2002-05-06,0.8
2450,credit,12850,1,10683,2014-07-27,2016-12-06,0.02
2450,credit,9532,1,11474,2011-03-11,2013-01-29,1.23
2450,cash,7162,0,10166,2010-01-10,2012-01-06,6.31
4859,home,5941,1,11494,2007-08-17,2009-12-12,5.93
4859,home,10631,1,11964,2005-09-18,2007-07-05,1.32
4859,credit,14597,1,11812,2012-07-05,2014-02-23,2.15
4859,cash,900,1,10271,2011-02-10,2013-06-09,11.79
4859,cash,3914,1,10194,2004-02-12,2005-09-03,7.89
4859,cash,12471,1,11863,2011-06-07,2013-10-29,1.82
4859,credit,2784,0,11840,2005-05-11,2006-09-29,1.85
2958,credit,11075,0,11043,2014-01-21,2016-03-19,1.78
2958,other,4932,1,11610,2010-07-24,2012-10-03,4.7
2794,home,2355,0,11515,2013-07-22,2016-04-09,0.23
2794,credit,4824,0,10115,2000-04-08,2001-11-13,2.15
2794,other,13335,1,10152,2012-08-03,2014-01-25,0.19
2794,home,11072,0,10740,2010-09-22,2012-11-29,2.82
2794,cash,4435,0,10201,2010-05-08,2012-01-09,8.7
2794,home,11058,1,10948,2002-04-25,2004-03-28,3.54
4055,other,12875,1,11426,2000-05-20,2001-11-19,4.14
4055,cash,4201,1,11072,2002-06-23,2004-05-23,9.02
4055,home,2696,1,10477,2003-04-04,2004-11-08,4.13
3090,other,9774,0,11807,2003-12-13,2006-05-18,3.73
3090,credit,3420,1,10515,2000-11-12,2002-10-25,6.8
3090,home,10662,0,10584,2013-02-07,2015-01-27,2.86
3090,home,8706,1,10842,2003-02-15,2005-04-24,1.63
3090,cash,6641,0,10877,2009-11-26,2011-11-12,5.35
3471,home,4651,1,11133,2013-08-15,2015-07-26,4.14
3471,home,8126,1,10717,2012-10-08,2015-03-27,3.37
3471,other,10743,0,11433,2007-10-27,2010-07-01,0.37
3471,home,10808,0,11784,2004-04-16,2006-07-16,1.99
4060,cash,9416,0,11499,2009-12-24,2011-09-28,1.94
4060,cash,2427,1,11678,2002-03-08,2004-09-24,4.06
4060,other,13850,1,10974,2009-08-25,2011-12-07,5.98
4060,other,5783,1,11211,2000-01-03,2001-05-27,0.32
3656,credit,4244,0,11165,2010-01-01,2011-10-04,8.75
4879,credit,1416,1,11831,2010-04-10,2011-10-12,0.66
2362,cash,3369,1,11713,2000-08-02,2002-10-23,1.41
2362,other,1294,0,10657,2003-04-13,2005-02-13,2.59
2362,other,8030,0,11995,2004-11-19,2007-03-25,2.1
3415,credit,4951,0,11280,2009-08-19,2012-02-23,5.35
3415,credit,5439,1,11376,2010-04-26,2012-06-03,8.02
3415,other,3075,0,10645,2012-07-25,2015-03-23,7.37
3415,credit,10967,1,10970,2003-03-11,2005-01-03,4.13
3415,cash,6033,0,10594,2002-01-25,2004-01-20,4.36
3213,credit,10806,0,10807,2002-03-21,2004-02-09,8.17
3213,credit,7084,0,10977,2005-12-12,2007-08-25,4.41
3213,home,7666,0,11685,2000-07-21,2002-02-17,5.34
3213,cash,14564,1,10278,2009-07-08,2011-04-12,2.8
3213,cash,6231,0,11843,2003-03-24,2005-07-14,4.98
3213,home,6788,1,10547,2007-04-09,2009-01-30,4.08
3213,cash,11951,0,11797,2013-04-01,2014-09-19,0.37
3213,credit,14283,1,11953,2001-06-07,2003-11-19,2.84
4519,home,13843,1,11850,2010-05-23,2012-10-30,1.53
4519,other,8916,0,11597,2002-05-18,2004-11-17,0.99
4427,cash,9007,0,10396,2001-09-02,2003-01-19,2.28
4427,other,14484,1,11813,2001-01-07,2003-01-27,1.12
2739,home,4240,1,11517,2012-09-11,2015-05-29,8.45
2739,home,5555,0,10071,2010-10-20,2012-08-20,2.53
2739,credit,6544,1,10019,2007-11-23,2010-03-16,1.59
2739,credit,8980,0,10603,2005-09-03,2007-09-29,6.86
4192,home,1817,1,11996,2014-12-04,2016-09-29,4.3
4192,credit,9511,1,11559,2006-10-22,2009-01-14,0.08
4192,cash,8010,0,10154,2000-06-01,2002-02-17,1.97
4192,home,7790,1,10352,2001-02-13,2003-10-26,8.11
4192,cash,11824,0,10614,2000-11-01,2002-10-17,2.08
4192,cash,2589,1,11740,2005-11-24,2008-03-17,1.25
3008,cash,11357,0,10563,2008-05-14,2010-03-26,0.85
3008,credit,6052,0,11350,2010-02-18,2012-08-30,1.06
3008,credit,12600,1,10595,2011-06-13,2013-11-08,4.09
2359,cash,12642,1,11985,2006-01-16,2007-12-13,2.21
2359,cash,2981,1,11177,2000-09-23,2003-05-19,10.61
2359,other,12075,1,11962,2011-01-15,2012-09-28,2.98
4033,other,980,1,10538,2004-03-03,2006-08-21,4.88
4033,home,4531,0,10065,2002-10-27,2005-03-27,5.69
4033,home,7045,1,11998,2003-09-11,2005-03-22,6.68
4033,other,614,0,10681,2000-12-15,2003-05-25,1.69
3745,other,781,0,11584,2011-12-10,2013-08-22,2.98
3745,home,6611,0,10413,2004-06-13,2007-02-15,2.46
4224,cash,2674,1,11695,2010-10-20,2012-12-12,8.41
4224,home,1713,0,10779,2007-07-18,2009-08-17,2.11
3692,other,10809,1,11154,2004-05-27,2006-12-04,5.47
3692,home,4490,1,10123,2012-08-02,2015-01-17,2.67
3692,home,9896,1,11724,2002-01-24,2003-08-16,5.53
3692,home,11225,0,10565,2001-03-01,2002-09-22,3.05
3370,cash,10185,0,11085,2005-03-02,2006-10-22,6.4
3370,home,8190,0,11709,2002-03-16,2003-09-13,6.06
3370,cash,10612,0,10093,2000-10-23,2002-04-12,2.59
4422,home,4723,1,11063,2003-09-20,2005-04-29,5.41
4422,other,12703,0,10880,2014-09-03,2017-04-07,6.4
4422,cash,5083,1,11436,2001-12-24,2003-11-16,0.96
4422,home,1247,0,10900,2004-09-24,2006-03-23,1.08
4422,credit,6001,0,10803,2001-02-12,2003-04-01,3.48
4068,other,10143,0,10562,2003-07-08,2005-10-08,0.49
4068,cash,7820,0,11781,2002-05-17,2004-05-19,0.0
4068,credit,14428,1,10726,2014-02-01,2016-02-09,1.68
4068,cash,7310,0,11846,2005-07-23,2007-10-24,1.38
4992,credit,10230,1,11770,2010-05-16,2012-08-28,0.16
4992,cash,6706,1,10052,2000-11-14,2002-05-01,4.18
4992,cash,6104,0,11212,2001-11-19,2003-04-04,0.03
4992,home,6783,0,11099,2012-02-25,2014-08-16,3.36
3980,cash,12604,1,11606,2010-09-27,2012-05-26,0.93
3980,home,4791,1,11091,2006-02-03,2008-04-10,5.69
2485,credit,8575,1,11089,2001-04-03,2003-10-01,2.93
2485,other,1952,0,11479,2009-05-09,2011-12-10,0.51
2485,home,6715,1,11748,2004-09-02,2007-05-04,1.45
3981,cash,559,0,11100,2012-01-22,2014-09-02,0.12
3981,other,6122,1,10553,2001-09-16,2004-01-31,1.11
3981,cash,7214,1,10380,2008-08-11,2010-04-08,4.27
3981,other,12179,0,11730,2001-09-26,2003-04-22,8.07
3981,home,1476,1,10159,2005-08-22,2007-12-13,2.71
3981,other,8698,1,11241,2011-11-14,2014-03-03,2.41
3981,other,13543,1,10136,2006-04-07,2008-07-05,6.59
4671,cash,8749,1,11368,2006-06-02,2008-10-18,0.6
4671,other,2235,0,11008,2009-08-04,2011-10-02,8.22
4671,home,13210,1,11056,2004-07-27,2006-10-30,1.0
4986,home,4875,1,10700,2014-01-15,2016-08-26,0.02
4986,credit,12045,1,11649,2013-08-03,2016-02-28,1.94
4986,home,4535,1,10616,2014-06-08,2016-03-17,2.44
4129,other,2557,0,11380,2004-12-21,2006-06-25,4.26
4129,cash,734,1,11073,2014-03-20,2016-09-24,0.95
4129,cash,3719,0,11621,2007-08-22,2010-04-04,11.06
2004,credit,10464,1,10950,2012-04-26,2013-09-19,5.44
2004,other,12651,0,10919,2003-12-24,2005-08-07,3.89
2004,home,12531,0,10416,2008-02-27,2009-08-28,0.01
3538,home,4092,1,10241,2002-02-08,2003-12-19,2.92
3538,home,998,0,10914,2014-11-14,2017-01-09,3.1
3621,home,11779,1,11404,2013-06-17,2014-11-01,4.15
2796,home,2917,0,10588,2011-07-25,2013-02-05,2.9
2796,other,11525,0,11000,2014-02-01,2015-09-15,2.11
2796,home,13306,1,10701,2011-07-01,2013-03-01,5.3
3057,other,11403,0,10876,2003-02-02,2004-09-27,0.95
3057,credit,6773,0,10353,2004-04-26,2006-09-15,0.29
3057,cash,7153,0,10336,2007-07-07,2009-04-13,2.44
3057,home,14706,1,11395,2006-05-18,2008-10-05,0.15
3057,cash,1160,1,10360,2007-05-07,2009-04-03,0.71
4837,credit,14594,1,11162,2013-12-17,2016-06-10,3.52
4837,cash,9028,1,11832,2008-01-17,2010-05-12,2.1
4837,other,2786,1,10654,2011-11-27,2014-07-27,1.58
4837,home,1568,0,11851,2000-12-27,2002-11-02,4.73
2394,home,13450,1,11706,2007-11-11,2010-07-09,0.72
2394,credit,5728,0,10820,2014-08-22,2016-06-14,2.68
2191,home,14140,0,11935,2011-12-18,2014-03-12,7.8
2191,other,2623,1,11002,2005-07-24,2007-09-18,2.52
2797,credit,11354,1,10888,2003-01-03,2005-08-16,5.72
3554,home,6072,1,10451,2013-11-16,2015-07-02,3.36
4272,other,9449,0,10202,2013-05-24,2015-09-05,0.75
4272,cash,13758,0,11769,2011-12-06,2013-05-14,3.64
4272,other,5874,1,10493,2010-08-12,2012-11-08,2.86
4272,other,10559,0,10733,2008-10-13,2010-09-01,1.43
2712,other,1004,1,11443,2009-01-12,2011-04-02,0.86
2712,cash,3992,0,10067,2000-09-02,2002-10-09,1.32
2712,home,13733,0,10172,2013-12-21,2016-04-04,0.84
4020,other,9293,1,10769,2012-06-24,2014-06-27,0.33
4020,other,8955,0,10439,2012-09-17,2014-07-22,0.52
4020,credit,11493,0,10378,2002-02-04,2003-11-24,2.41
4697,credit,4481,0,11833,2003-04-22,2005-09-24,2.93
4916,home,1787,1,11469,2012-07-07,2015-01-16,3.21
4066,cash,10959,1,11721,2004-05-25,2006-03-20,1.05
2011,home,13339,0,11889,2003-10-04,2005-07-23,4.22
2011,home,12842,0,10056,2006-11-01,2008-09-25,0.54
2011,credit,9837,1,10741,2012-01-02,2014-01-03,4.38
4498,other,5372,0,11598,2010-07-19,2012-12-18,1.84
4498,cash,1906,1,10556,2014-02-05,2016-10-04,6.24
4288,cash,1388,1,11853,2010-08-23,2013-02-14,3.08
4288,cash,1691,1,11385,2000-06-13,2002-04-29,2.9
4288,cash,7159,0,10155,2009-11-24,2012-07-22,4.36
3398,credit,8332,1,11471,2008-01-19,2009-10-01,7.44
4843,credit,8417,1,11014,2014-03-18,2015-12-22,1.07
4843,cash,8377,0,10322,2006-07-02,2008-05-19,0.15
4843,credit,5945,1,10946,2002-04-09,2004-10-29,2.94
2912,home,9335,1,11575,2000-05-22,2002-02-21,0.08
3241,other,12149,1,11407,2014-01-23,2016-09-30,3.25
3241,other,11781,1,10005,2008-04-17,2010-10-10,0.73
3241,home,13630,1,10835,2002-01-06,2004-06-09,5.48
4259,other,8595,1,11934,2008-09-05,2010-05-19,4.75
4363,other,5241,0,10643,2003-06-04,2005-10-15,4.3
4363,cash,3932,0,11403,2008-04-05,2010-05-21,7.7
4363,credit,14615,0,11468,2010-06-06,2012-05-11,0.22
3524,other,7518,0,10400,2013-11-12,2016-05-22,1.32
2837,other,13577,1,11067,2001-02-24,2003-06-24,5.85
2837,other,7583,0,11188,2013-01-21,2015-04-08,3.02
2837,home,8104,1,10971,2001-05-24,2003-08-16,1.55
2837,credit,6323,0,11422,2013-02-22,2014-12-19,5.92
4808,credit,9780,0,11634,2011-02-07,2013-09-24,4.27
4808,home,12855,1,11246,2003-07-10,2005-07-01,3.46
4808,cash,8241,1,10162,2000-05-17,2002-02-04,5.79
4444,credit,7433,1,10235,2001-10-03,2003-07-28,0.77
4444,home,10600,1,10529,2005-11-24,2008-05-18,0.15
4444,other,14622,1,10753,2006-11-07,2008-09-28,2.71
2273,other,10328,1,11828,2005-01-09,2006-11-18,4.36
2273,credit,5134,0,10925,2005-12-27,2007-07-14,3.24
2273,other,13827,1,11859,2010-12-11,2013-02-26,1.72
2942,home,8263,1,11535,2006-08-02,2008-05-28,5.36
2942,cash,13508,0,11823,2012-04-01,2014-01-11,1.79
2942,cash,11544,1,11070,2001-09-21,2003-12-01,2.28
2547,credit,6101,1,11810,2007-05-05,2009-11-11,3.09
2547,cash,4981,1,11087,2006-10-03,2008-06-25,3.8
2547,cash,13314,0,10680,2013-12-15,2016-08-20,4.96
2547,cash,13696,0,10329,2011-10-25,2013-07-03,7.11
3294,credit,11857,1,11078,2007-02-14,2009-05-17,3.44
3294,other,13768,0,10890,2010-06-20,2012-11-01,3.56
4043,credit,11734,1,10895,2001-06-23,2003-11-28,1.23
4043,other,12418,0,11410,2005-08-15,2007-11-03,4.9
3526,credit,13353,0,10714,2013-05-20,2016-01-03,4.44
3526,home,7753,1,11686,2004-07-04,2006-02-16,1.01
3526,credit,10978,0,10100,2001-01-07,2002-08-22,0.48
3526,cash,10140,0,11172,2001-06-11,2003-04-02,7.86
2212,cash,10224,1,10866,2001-06-22,2003-11-21,2.95
2212,other,14104,0,11235,2004-12-02,2006-09-06,0.48
3541,other,617,1,10022,2014-08-06,2016-02-01,0.83
3541,other,6664,0,11335,2007-01-07,2008-08-10,2.65
3541,credit,12777,0,11001,2011-02-03,2012-09-05,2.93
3541,credit,3828,1,11644,2009-03-21,2011-06-12,0.68
3541,credit,7427,1,11989,2009-01-23,2010-08-04,7.33
4792,credit,2924,1,10981,2013-08-12,2016-01-08,5.23
4792,home,5061,0,11693,2014-10-07,2016-10-01,1.88
2876,cash,14075,0,11946,2009-09-04,2011-12-15,3.01
2876,other,10982,0,11213,2003-04-22,2005-10-01,3.03
4621,cash,8786,1,11783,2005-06-02,2006-12-31,1.53
4621,credit,845,1,10179,2012-02-08,2014-10-10,7.76
4088,cash,7375,0,11717,2007-02-21,2008-11-19,6.12
4088,credit,3220,1,11285,2008-05-06,2009-10-08,4.35
4088,other,10429,0,11361,2002-05-25,2004-05-18,7.66
4088,credit,715,1,11051,2008-06-24,2011-03-16,6.93
4088,cash,9311,1,10564,2014-12-10,2017-03-20,1.23
